c0,c1,c2,c3,c4,c5,c6,c7,c8,c9
24028,20,0,0,Character\Pandaren\Male\PandaMaleSkin00_00.blp,Character\Pandaren\Male\PandaMaleSkinExtra00_00.blp,,17,0,0
24029,20,0,0,Character\Pandaren\Male\PandaMaleSkin00_01.blp,Character\Pandaren\Male\PandaMaleSkinExtra00_01.blp,,17,0,1
24030,20,0,0,Character\Pandaren\Male\PandaMaleSkin00_02.blp,Character\Pandaren\Male\PandaMaleSkinExtra00_02.blp,,17,0,2
24031,20,0,0,Character\Pandaren\Male\PandaMaleSkin00_03.blp,Character\Pandaren\Male\PandaMaleSkinExtra00_03.blp,,17,0,3
24032,20,0,0,Character\Pandaren\Male\PandaMaleSkin00_04.blp,Character\Pandaren\Male\PandaMaleSkinExtra00_04.blp,,17,0,4
24033,20,0,0,Character\Pandaren\Male\PandaMaleSkin00_05.blp,Character\Pandaren\Male\PandaMaleSkinExtra00_05.blp,,17,0,5
24034,20,0,0,Character\Pandaren\Male\PandaMaleSkin00_06.blp,Character\Pandaren\Male\PandaMaleSkinExtra00_00.blp,,17,0,6
24035,20,0,0,Character\Pandaren\Male\PandaMaleSkin00_07.blp,Character\Pandaren\Male\PandaMaleSkinExtra00_01.blp,,17,0,7
24036,20,0,0,Character\Pandaren\Male\PandaMaleSkin00_08.blp,Character\Pandaren\Male\PandaMaleSkinExtra00_02.blp,,17,0,8
24037,20,0,0,Character\Pandaren\Male\PandaMaleSkin00_09.blp,Character\Pandaren\Male\PandaMaleSkinExtra00_03.blp,,17,0,9
24038,20,0,0,Character\Pandaren\Male\PandaMaleSkin00_10.blp,Character\Pandaren\Male\PandaMaleSkinExtra00_04.blp,,17,0,10
24039,20,0,0,Character\Pandaren\Male\PandaMaleSkin00_11.blp,Character\Pandaren\Male\PandaMaleSkinExtra00_01.blp,,17,0,11
24040,20,0,0,Character\Pandaren\Male\PandaMaleSkin00_12.blp,Character\Pandaren\Male\PandaMaleSkinExtra00_02.blp,,17,0,12
24041,20,0,0,Character\Pandaren\Male\PandaMaleSkin00_13.blp,Character\Pandaren\Male\PandaMaleSkinExtra00_03.blp,,17,0,13
24042,20,0,1,Character\Pandaren\Male\pandamalefacelower00_00.blp,Character\Pandaren\Male\PandaMaleFaceUpper00_00.blp,,17,0,0
24043,20,0,1,Character\Pandaren\Male\pandamalefacelower00_01.blp,Character\Pandaren\Male\PandaMaleFaceUpper00_01.blp,,17,0,1
24044,20,0,1,Character\Pandaren\Male\pandamalefacelower00_02.blp,Character\Pandaren\Male\PandaMaleFaceUpper00_02.blp,,17,0,2
24045,20,0,1,Character\Pandaren\Male\pandamalefacelower00_03.blp,Character\Pandaren\Male\PandaMaleFaceUpper00_03.blp,,17,0,3
24046,20,0,1,Character\Pandaren\Male\pandamalefacelower00_04.blp,Character\Pandaren\Male\PandaMaleFaceUpper00_04.blp,,17,0,4
24047,20,0,1,Character\Pandaren\Male\pandamalefacelower00_05.blp,Character\Pandaren\Male\PandaMaleFaceUpper00_05.blp,,17,0,5
24048,20,0,1,Character\Pandaren\Male\pandamalefacelower00_00.blp,Character\Pandaren\Male\PandaMaleFaceUpper00_00.blp,,17,0,6
24049,20,0,1,Character\Pandaren\Male\pandamalefacelower00_01.blp,Character\Pandaren\Male\PandaMaleFaceUpper00_01.blp,,17,0,7
24050,20,0,1,Character\Pandaren\Male\pandamalefacelower00_02.blp,Character\Pandaren\Male\PandaMaleFaceUpper00_02.blp,,17,0,8
24051,20,0,1,Character\Pandaren\Male\pandamalefacelower00_03.blp,Character\Pandaren\Male\PandaMaleFaceUpper00_03.blp,,17,0,9
24052,20,0,1,Character\Pandaren\Male\pandamalefacelower00_04.blp,Character\Pandaren\Male\PandaMaleFaceUpper00_04.blp,,17,0,10
24053,20,0,1,Character\Pandaren\Male\pandamalefacelower00_01.blp,Character\Pandaren\Male\PandaMaleFaceUpper00_01.blp,,17,0,11
24054,20,0,1,Character\Pandaren\Male\pandamalefacelower00_02.blp,Character\Pandaren\Male\PandaMaleFaceUpper00_02.blp,,17,0,12
24055,20,0,1,Character\Pandaren\Male\pandamalefacelower00_03.blp,Character\Pandaren\Male\PandaMaleFaceUpper00_03.blp,,17,0,13
24056,20,0,1,Character\Pandaren\Male\pandamalefacelower01_00.blp,Character\Pandaren\Male\PandaMaleFaceUpper01_00.blp,,17,1,0
24057,20,0,1,Character\Pandaren\Male\pandamalefacelower01_01.blp,Character\Pandaren\Male\PandaMaleFaceUpper01_01.blp,,17,1,1
24058,20,0,1,Character\Pandaren\Male\pandamalefacelower01_02.blp,Character\Pandaren\Male\PandaMaleFaceUpper01_02.blp,,17,1,2
24059,20,0,1,Character\Pandaren\Male\pandamalefacelower01_03.blp,Character\Pandaren\Male\PandaMaleFaceUpper01_03.blp,,17,1,3
24060,20,0,1,Character\Pandaren\Male\pandamalefacelower01_04.blp,Character\Pandaren\Male\PandaMaleFaceUpper01_04.blp,,17,1,4
24061,20,0,1,Character\Pandaren\Male\pandamalefacelower01_05.blp,Character\Pandaren\Male\PandaMaleFaceUpper01_05.blp,,17,1,5
24062,20,0,1,Character\Pandaren\Male\pandamalefacelower01_00.blp,Character\Pandaren\Male\PandaMaleFaceUpper01_00.blp,,17,1,6
24063,20,0,1,Character\Pandaren\Male\pandamalefacelower01_01.blp,Character\Pandaren\Male\PandaMaleFaceUpper01_01.blp,,17,1,7
24064,20,0,1,Character\Pandaren\Male\pandamalefacelower01_02.blp,Character\Pandaren\Male\PandaMaleFaceUpper01_02.blp,,17,1,8
24065,20,0,1,Character\Pandaren\Male\pandamalefacelower01_03.blp,Character\Pandaren\Male\PandaMaleFaceUpper01_03.blp,,17,1,9
24066,20,0,1,Character\Pandaren\Male\pandamalefacelower01_04.blp,Character\Pandaren\Male\PandaMaleFaceUpper01_04.blp,,17,1,10
24067,20,0,1,Character\Pandaren\Male\pandamalefacelower01_01.blp,Character\Pandaren\Male\PandaMaleFaceUpper01_01.blp,,17,1,11
24068,20,0,1,Character\Pandaren\Male\pandamalefacelower01_02.blp,Character\Pandaren\Male\PandaMaleFaceUpper01_02.blp,,17,1,12
24069,20,0,1,Character\Pandaren\Male\pandamalefacelower01_03.blp,Character\Pandaren\Male\PandaMaleFaceUpper01_03.blp,,17,1,13
24070,20,0,1,Character\Pandaren\Male\pandamalefacelower02_00.blp,Character\Pandaren\Male\PandaMaleFaceUpper02_00.blp,,17,2,0
24071,20,0,1,Character\Pandaren\Male\pandamalefacelower02_01.blp,Character\Pandaren\Male\PandaMaleFaceUpper02_01.blp,,17,2,1
24072,20,0,1,Character\Pandaren\Male\pandamalefacelower02_02.blp,Character\Pandaren\Male\PandaMaleFaceUpper02_02.blp,,17,2,2
24073,20,0,1,Character\Pandaren\Male\pandamalefacelower02_03.blp,Character\Pandaren\Male\PandaMaleFaceUpper02_03.blp,,17,2,3
24074,20,0,1,Character\Pandaren\Male\pandamalefacelower02_04.blp,Character\Pandaren\Male\PandaMaleFaceUpper02_04.blp,,17,2,4
24075,20,0,1,Character\Pandaren\Male\pandamalefacelower02_05.blp,Character\Pandaren\Male\PandaMaleFaceUpper02_05.blp,,17,2,5
24076,20,0,1,Character\Pandaren\Male\pandamalefacelower02_00.blp,Character\Pandaren\Male\PandaMaleFaceUpper02_00.blp,,17,2,6
24077,20,0,1,Character\Pandaren\Male\pandamalefacelower02_01.blp,Character\Pandaren\Male\PandaMaleFaceUpper02_01.blp,,17,2,7
24078,20,0,1,Character\Pandaren\Male\pandamalefacelower02_02.blp,Character\Pandaren\Male\PandaMaleFaceUpper02_02.blp,,17,2,8
24079,20,0,1,Character\Pandaren\Male\pandamalefacelower02_03.blp,Character\Pandaren\Male\PandaMaleFaceUpper02_03.blp,,17,2,9
24080,20,0,1,Character\Pandaren\Male\pandamalefacelower02_04.blp,Character\Pandaren\Male\PandaMaleFaceUpper02_04.blp,,17,2,10
24081,20,0,1,Character\Pandaren\Male\pandamalefacelower02_01.blp,Character\Pandaren\Male\PandaMaleFaceUpper02_01.blp,,17,2,11
24082,20,0,1,Character\Pandaren\Male\pandamalefacelower02_02.blp,Character\Pandaren\Male\PandaMaleFaceUpper02_02.blp,,17,2,12
24083,20,0,1,Character\Pandaren\Male\pandamalefacelower02_03.blp,Character\Pandaren\Male\PandaMaleFaceUpper02_03.blp,,17,2,13
24084,20,0,1,Character\Pandaren\Male\pandamalefacelower03_00.blp,Character\Pandaren\Male\PandaMaleFaceUpper03_00.blp,,17,3,0
24085,20,0,1,Character\Pandaren\Male\pandamalefacelower03_01.blp,Character\Pandaren\Male\PandaMaleFaceUpper03_01.blp,,17,3,1
24086,20,0,1,Character\Pandaren\Male\pandamalefacelower03_02.blp,Character\Pandaren\Male\PandaMaleFaceUpper03_02.blp,,17,3,2
24087,20,0,1,Character\Pandaren\Male\pandamalefacelower03_03.blp,Character\Pandaren\Male\PandaMaleFaceUpper03_03.blp,,17,3,3
24088,20,0,1,Character\Pandaren\Male\pandamalefacelower03_04.blp,Character\Pandaren\Male\PandaMaleFaceUpper03_04.blp,,17,3,4
24089,20,0,1,Character\Pandaren\Male\pandamalefacelower03_05.blp,Character\Pandaren\Male\PandaMaleFaceUpper03_05.blp,,17,3,5
24090,20,0,1,Character\Pandaren\Male\pandamalefacelower03_00.blp,Character\Pandaren\Male\PandaMaleFaceUpper03_00.blp,,17,3,6
24091,20,0,1,Character\Pandaren\Male\pandamalefacelower03_01.blp,Character\Pandaren\Male\PandaMaleFaceUpper03_01.blp,,17,3,7
24092,20,0,1,Character\Pandaren\Male\pandamalefacelower03_02.blp,Character\Pandaren\Male\PandaMaleFaceUpper03_02.blp,,17,3,8
24093,20,0,1,Character\Pandaren\Male\pandamalefacelower03_03.blp,Character\Pandaren\Male\PandaMaleFaceUpper03_03.blp,,17,3,9
24094,20,0,1,Character\Pandaren\Male\pandamalefacelower03_04.blp,Character\Pandaren\Male\PandaMaleFaceUpper03_04.blp,,17,3,10
24095,20,0,1,Character\Pandaren\Male\pandamalefacelower03_01.blp,Character\Pandaren\Male\PandaMaleFaceUpper03_01.blp,,17,3,11
24096,20,0,1,Character\Pandaren\Male\pandamalefacelower03_02.blp,Character\Pandaren\Male\PandaMaleFaceUpper03_02.blp,,17,3,12
24097,20,0,1,Character\Pandaren\Male\pandamalefacelower03_03.blp,Character\Pandaren\Male\PandaMaleFaceUpper03_03.blp,,17,3,13
24098,20,0,1,Character\Pandaren\Male\pandamalefacelower04_00.blp,Character\Pandaren\Male\PandaMaleFaceUpper04_00.blp,,17,4,0
24099,20,0,1,Character\Pandaren\Male\pandamalefacelower04_01.blp,Character\Pandaren\Male\PandaMaleFaceUpper04_01.blp,,17,4,1
24100,20,0,1,Character\Pandaren\Male\pandamalefacelower04_02.blp,Character\Pandaren\Male\PandaMaleFaceUpper04_02.blp,,17,4,2
24101,20,0,1,Character\Pandaren\Male\pandamalefacelower04_03.blp,Character\Pandaren\Male\PandaMaleFaceUpper04_03.blp,,17,4,3
24102,20,0,1,Character\Pandaren\Male\pandamalefacelower04_04.blp,Character\Pandaren\Male\PandaMaleFaceUpper04_04.blp,,17,4,4
24103,20,0,1,Character\Pandaren\Male\pandamalefacelower04_05.blp,Character\Pandaren\Male\PandaMaleFaceUpper04_05.blp,,17,4,5
24104,20,0,1,Character\Pandaren\Male\pandamalefacelower04_00.blp,Character\Pandaren\Male\PandaMaleFaceUpper04_00.blp,,17,4,6
24105,20,0,1,Character\Pandaren\Male\pandamalefacelower04_01.blp,Character\Pandaren\Male\PandaMaleFaceUpper04_01.blp,,17,4,7
24106,20,0,1,Character\Pandaren\Male\pandamalefacelower04_02.blp,Character\Pandaren\Male\PandaMaleFaceUpper04_02.blp,,17,4,8
24107,20,0,1,Character\Pandaren\Male\pandamalefacelower04_03.blp,Character\Pandaren\Male\PandaMaleFaceUpper04_03.blp,,17,4,9
24108,20,0,1,Character\Pandaren\Male\pandamalefacelower04_04.blp,Character\Pandaren\Male\PandaMaleFaceUpper04_04.blp,,17,4,10
24109,20,0,1,Character\Pandaren\Male\pandamalefacelower04_01.blp,Character\Pandaren\Male\PandaMaleFaceUpper04_01.blp,,17,4,11
24110,20,0,1,Character\Pandaren\Male\pandamalefacelower04_02.blp,Character\Pandaren\Male\PandaMaleFaceUpper04_02.blp,,17,4,12
24111,20,0,1,Character\Pandaren\Male\pandamalefacelower04_03.blp,Character\Pandaren\Male\PandaMaleFaceUpper04_03.blp,,17,4,13
24112,20,0,1,Character\Pandaren\Male\pandamalefacelower05_00.blp,Character\Pandaren\Male\PandaMaleFaceUpper05_00.blp,,17,5,0
24113,20,0,1,Character\Pandaren\Male\pandamalefacelower05_01.blp,Character\Pandaren\Male\PandaMaleFaceUpper05_01.blp,,17,5,1
24114,20,0,1,Character\Pandaren\Male\pandamalefacelower05_02.blp,Character\Pandaren\Male\PandaMaleFaceUpper05_02.blp,,17,5,2
24115,20,0,1,Character\Pandaren\Male\pandamalefacelower05_03.blp,Character\Pandaren\Male\PandaMaleFaceUpper05_03.blp,,17,5,3
24116,20,0,1,Character\Pandaren\Male\pandamalefacelower05_04.blp,Character\Pandaren\Male\PandaMaleFaceUpper05_04.blp,,17,5,4
24117,20,0,1,Character\Pandaren\Male\pandamalefacelower05_05.blp,Character\Pandaren\Male\PandaMaleFaceUpper05_05.blp,,17,5,5
24118,20,0,1,Character\Pandaren\Male\pandamalefacelower05_00.blp,Character\Pandaren\Male\PandaMaleFaceUpper05_00.blp,,17,5,6
24119,20,0,1,Character\Pandaren\Male\pandamalefacelower05_01.blp,Character\Pandaren\Male\PandaMaleFaceUpper05_01.blp,,17,5,7
24120,20,0,1,Character\Pandaren\Male\pandamalefacelower05_02.blp,Character\Pandaren\Male\PandaMaleFaceUpper05_02.blp,,17,5,8
24121,20,0,1,Character\Pandaren\Male\pandamalefacelower05_03.blp,Character\Pandaren\Male\PandaMaleFaceUpper05_03.blp,,17,5,9
24122,20,0,1,Character\Pandaren\Male\pandamalefacelower05_04.blp,Character\Pandaren\Male\PandaMaleFaceUpper05_04.blp,,17,5,10
24123,20,0,1,Character\Pandaren\Male\pandamalefacelower05_01.blp,Character\Pandaren\Male\PandaMaleFaceUpper05_01.blp,,17,5,11
24124,20,0,1,Character\Pandaren\Male\pandamalefacelower05_02.blp,Character\Pandaren\Male\PandaMaleFaceUpper05_02.blp,,17,5,12
24125,20,0,1,Character\Pandaren\Male\pandamalefacelower05_03.blp,Character\Pandaren\Male\PandaMaleFaceUpper05_03.blp,,17,5,13
24126,20,0,1,Character\Pandaren\Male\pandamalefacelower06_00.blp,Character\Pandaren\Male\PandaMaleFaceUpper06_00.blp,,17,6,0
24127,20,0,1,Character\Pandaren\Male\pandamalefacelower06_01.blp,Character\Pandaren\Male\PandaMaleFaceUpper06_01.blp,,17,6,1
24128,20,0,1,Character\Pandaren\Male\pandamalefacelower06_02.blp,Character\Pandaren\Male\PandaMaleFaceUpper06_02.blp,,17,6,2
24129,20,0,1,Character\Pandaren\Male\pandamalefacelower06_03.blp,Character\Pandaren\Male\PandaMaleFaceUpper06_03.blp,,17,6,3
24130,20,0,1,Character\Pandaren\Male\pandamalefacelower06_04.blp,Character\Pandaren\Male\PandaMaleFaceUpper06_04.blp,,17,6,4
24131,20,0,1,Character\Pandaren\Male\pandamalefacelower06_05.blp,Character\Pandaren\Male\PandaMaleFaceUpper06_05.blp,,17,6,5
24132,20,0,1,Character\Pandaren\Male\pandamalefacelower06_00.blp,Character\Pandaren\Male\PandaMaleFaceUpper06_00.blp,,17,6,6
24133,20,0,1,Character\Pandaren\Male\pandamalefacelower06_01.blp,Character\Pandaren\Male\PandaMaleFaceUpper06_01.blp,,17,6,7
24134,20,0,1,Character\Pandaren\Male\pandamalefacelower06_02.blp,Character\Pandaren\Male\PandaMaleFaceUpper06_02.blp,,17,6,8
24135,20,0,1,Character\Pandaren\Male\pandamalefacelower06_03.blp,Character\Pandaren\Male\PandaMaleFaceUpper06_03.blp,,17,6,9
24136,20,0,1,Character\Pandaren\Male\pandamalefacelower06_04.blp,Character\Pandaren\Male\PandaMaleFaceUpper06_04.blp,,17,6,10
24137,20,0,1,Character\Pandaren\Male\pandamalefacelower06_01.blp,Character\Pandaren\Male\PandaMaleFaceUpper06_01.blp,,17,6,11
24138,20,0,1,Character\Pandaren\Male\pandamalefacelower06_02.blp,Character\Pandaren\Male\PandaMaleFaceUpper06_02.blp,,17,6,12
24139,20,0,1,Character\Pandaren\Male\pandamalefacelower06_03.blp,Character\Pandaren\Male\PandaMaleFaceUpper06_03.blp,,17,6,13
24140,20,0,1,Character\Pandaren\Male\pandamalefacelower07_00.blp,Character\Pandaren\Male\PandaMaleFaceUpper07_00.blp,,17,7,0
24141,20,0,1,Character\Pandaren\Male\pandamalefacelower07_01.blp,Character\Pandaren\Male\PandaMaleFaceUpper07_01.blp,,17,7,1
24142,20,0,1,Character\Pandaren\Male\pandamalefacelower07_02.blp,Character\Pandaren\Male\PandaMaleFaceUpper07_02.blp,,17,7,2
24143,20,0,1,Character\Pandaren\Male\pandamalefacelower07_03.blp,Character\Pandaren\Male\PandaMaleFaceUpper07_03.blp,,17,7,3
24144,20,0,1,Character\Pandaren\Male\pandamalefacelower07_04.blp,Character\Pandaren\Male\PandaMaleFaceUpper07_04.blp,,17,7,4
24145,20,0,1,Character\Pandaren\Male\pandamalefacelower07_05.blp,Character\Pandaren\Male\PandaMaleFaceUpper07_05.blp,,17,7,5
24146,20,0,1,Character\Pandaren\Male\pandamalefacelower07_00.blp,Character\Pandaren\Male\PandaMaleFaceUpper07_00.blp,,17,7,6
24147,20,0,1,Character\Pandaren\Male\pandamalefacelower07_01.blp,Character\Pandaren\Male\PandaMaleFaceUpper07_01.blp,,17,7,7
24148,20,0,1,Character\Pandaren\Male\pandamalefacelower07_02.blp,Character\Pandaren\Male\PandaMaleFaceUpper07_02.blp,,17,7,8
24149,20,0,1,Character\Pandaren\Male\pandamalefacelower07_03.blp,Character\Pandaren\Male\PandaMaleFaceUpper07_03.blp,,17,7,9
24150,20,0,1,Character\Pandaren\Male\pandamalefacelower07_04.blp,Character\Pandaren\Male\PandaMaleFaceUpper07_04.blp,,17,7,10
24151,20,0,1,Character\Pandaren\Male\pandamalefacelower07_01.blp,Character\Pandaren\Male\PandaMaleFaceUpper07_01.blp,,17,7,11
24152,20,0,1,Character\Pandaren\Male\pandamalefacelower07_02.blp,Character\Pandaren\Male\PandaMaleFaceUpper07_02.blp,,17,7,12
24153,20,0,1,Character\Pandaren\Male\pandamalefacelower07_03.blp,Character\Pandaren\Male\PandaMaleFaceUpper07_03.blp,,17,7,13
24154,20,0,1,Character\Pandaren\Male\pandamalefacelower08_00.blp,Character\Pandaren\Male\PandaMaleFaceUpper08_00.blp,,17,8,0
24155,20,0,1,Character\Pandaren\Male\pandamalefacelower08_01.blp,Character\Pandaren\Male\PandaMaleFaceUpper08_01.blp,,17,8,1
24156,20,0,1,Character\Pandaren\Male\pandamalefacelower08_02.blp,Character\Pandaren\Male\PandaMaleFaceUpper08_02.blp,,17,8,2
24157,20,0,1,Character\Pandaren\Male\pandamalefacelower08_03.blp,Character\Pandaren\Male\PandaMaleFaceUpper08_03.blp,,17,8,3
24158,20,0,1,Character\Pandaren\Male\pandamalefacelower08_04.blp,Character\Pandaren\Male\PandaMaleFaceUpper08_04.blp,,17,8,4
24159,20,0,1,Character\Pandaren\Male\pandamalefacelower08_05.blp,Character\Pandaren\Male\PandaMaleFaceUpper08_05.blp,,17,8,5
24160,20,0,1,Character\Pandaren\Male\pandamalefacelower08_00.blp,Character\Pandaren\Male\PandaMaleFaceUpper08_00.blp,,17,8,6
24161,20,0,1,Character\Pandaren\Male\pandamalefacelower08_01.blp,Character\Pandaren\Male\PandaMaleFaceUpper08_01.blp,,17,8,7
24162,20,0,1,Character\Pandaren\Male\pandamalefacelower08_02.blp,Character\Pandaren\Male\PandaMaleFaceUpper08_02.blp,,17,8,8
24163,20,0,1,Character\Pandaren\Male\pandamalefacelower08_03.blp,Character\Pandaren\Male\PandaMaleFaceUpper08_03.blp,,17,8,9
24164,20,0,1,Character\Pandaren\Male\pandamalefacelower08_04.blp,Character\Pandaren\Male\PandaMaleFaceUpper08_04.blp,,17,8,10
24165,20,0,1,Character\Pandaren\Male\pandamalefacelower08_01.blp,Character\Pandaren\Male\PandaMaleFaceUpper08_01.blp,,17,8,11
24166,20,0,1,Character\Pandaren\Male\pandamalefacelower08_02.blp,Character\Pandaren\Male\PandaMaleFaceUpper08_02.blp,,17,8,12
24167,20,0,1,Character\Pandaren\Male\pandamalefacelower08_03.blp,Character\Pandaren\Male\PandaMaleFaceUpper08_03.blp,,17,8,13
24168,20,0,1,Character\Pandaren\Male\pandamalefacelower09_00.blp,Character\Pandaren\Male\PandaMaleFaceUpper09_00.blp,,17,9,0
24169,20,0,1,Character\Pandaren\Male\pandamalefacelower09_01.blp,Character\Pandaren\Male\PandaMaleFaceUpper09_01.blp,,17,9,1
24170,20,0,1,Character\Pandaren\Male\pandamalefacelower09_02.blp,Character\Pandaren\Male\PandaMaleFaceUpper09_02.blp,,17,9,2
24171,20,0,1,Character\Pandaren\Male\pandamalefacelower09_03.blp,Character\Pandaren\Male\PandaMaleFaceUpper09_03.blp,,17,9,3
24172,20,0,1,Character\Pandaren\Male\pandamalefacelower09_04.blp,Character\Pandaren\Male\PandaMaleFaceUpper09_04.blp,,17,9,4
24173,20,0,1,Character\Pandaren\Male\pandamalefacelower09_05.blp,Character\Pandaren\Male\PandaMaleFaceUpper09_05.blp,,17,9,5
24174,20,0,1,Character\Pandaren\Male\pandamalefacelower09_00.blp,Character\Pandaren\Male\PandaMaleFaceUpper09_00.blp,,17,9,6
24175,20,0,1,Character\Pandaren\Male\pandamalefacelower09_01.blp,Character\Pandaren\Male\PandaMaleFaceUpper09_01.blp,,17,9,7
24176,20,0,1,Character\Pandaren\Male\pandamalefacelower09_02.blp,Character\Pandaren\Male\PandaMaleFaceUpper09_02.blp,,17,9,8
24177,20,0,1,Character\Pandaren\Male\pandamalefacelower09_03.blp,Character\Pandaren\Male\PandaMaleFaceUpper09_03.blp,,17,9,9
24178,20,0,1,Character\Pandaren\Male\pandamalefacelower09_04.blp,Character\Pandaren\Male\PandaMaleFaceUpper09_04.blp,,17,9,10
24179,20,0,1,Character\Pandaren\Male\pandamalefacelower09_01.blp,Character\Pandaren\Male\PandaMaleFaceUpper09_01.blp,,17,9,11
24180,20,0,1,Character\Pandaren\Male\pandamalefacelower09_02.blp,Character\Pandaren\Male\PandaMaleFaceUpper09_02.blp,,17,9,12
24181,20,0,1,Character\Pandaren\Male\pandamalefacelower09_03.blp,Character\Pandaren\Male\PandaMaleFaceUpper09_03.blp,,17,9,13
24182,20,0,1,Character\Pandaren\Male\pandamalefacelower10_00.blp,Character\Pandaren\Male\PandaMaleFaceUpper10_00.blp,,17,10,0
24183,20,0,1,Character\Pandaren\Male\pandamalefacelower10_01.blp,Character\Pandaren\Male\PandaMaleFaceUpper10_01.blp,,17,10,1
24184,20,0,1,Character\Pandaren\Male\pandamalefacelower10_02.blp,Character\Pandaren\Male\PandaMaleFaceUpper10_02.blp,,17,10,2
24185,20,0,1,Character\Pandaren\Male\pandamalefacelower10_03.blp,Character\Pandaren\Male\PandaMaleFaceUpper10_03.blp,,17,10,3
24186,20,0,1,Character\Pandaren\Male\pandamalefacelower10_04.blp,Character\Pandaren\Male\PandaMaleFaceUpper10_04.blp,,17,10,4
24187,20,0,1,Character\Pandaren\Male\pandamalefacelower10_05.blp,Character\Pandaren\Male\PandaMaleFaceUpper10_05.blp,,17,10,5
24188,20,0,1,Character\Pandaren\Male\pandamalefacelower10_00.blp,Character\Pandaren\Male\PandaMaleFaceUpper10_00.blp,,17,10,6
24189,20,0,1,Character\Pandaren\Male\pandamalefacelower10_01.blp,Character\Pandaren\Male\PandaMaleFaceUpper10_01.blp,,17,10,7
24190,20,0,1,Character\Pandaren\Male\pandamalefacelower10_02.blp,Character\Pandaren\Male\PandaMaleFaceUpper10_02.blp,,17,10,8
24191,20,0,1,Character\Pandaren\Male\pandamalefacelower10_03.blp,Character\Pandaren\Male\PandaMaleFaceUpper10_03.blp,,17,10,9
24192,20,0,1,Character\Pandaren\Male\pandamalefacelower10_04.blp,Character\Pandaren\Male\PandaMaleFaceUpper10_04.blp,,17,10,10
24193,20,0,1,Character\Pandaren\Male\pandamalefacelower10_01.blp,Character\Pandaren\Male\PandaMaleFaceUpper10_01.blp,,17,10,11
24194,20,0,1,Character\Pandaren\Male\pandamalefacelower10_02.blp,Character\Pandaren\Male\PandaMaleFaceUpper10_02.blp,,17,10,12
24195,20,0,1,Character\Pandaren\Male\pandamalefacelower10_03.blp,Character\Pandaren\Male\PandaMaleFaceUpper10_03.blp,,17,10,13
24196,20,0,1,Character\Pandaren\Male\pandamalefacelower11_00.blp,Character\Pandaren\Male\PandaMaleFaceUpper11_00.blp,,17,11,0
24197,20,0,1,Character\Pandaren\Male\pandamalefacelower11_01.blp,Character\Pandaren\Male\PandaMaleFaceUpper11_01.blp,,17,11,1
24198,20,0,1,Character\Pandaren\Male\pandamalefacelower11_02.blp,Character\Pandaren\Male\PandaMaleFaceUpper11_02.blp,,17,11,2
24199,20,0,1,Character\Pandaren\Male\pandamalefacelower11_03.blp,Character\Pandaren\Male\PandaMaleFaceUpper11_03.blp,,17,11,3
24200,20,0,1,Character\Pandaren\Male\pandamalefacelower11_04.blp,Character\Pandaren\Male\PandaMaleFaceUpper11_04.blp,,17,11,4
24201,20,0,1,Character\Pandaren\Male\pandamalefacelower11_05.blp,Character\Pandaren\Male\PandaMaleFaceUpper11_05.blp,,17,11,5
24202,20,0,1,Character\Pandaren\Male\pandamalefacelower11_00.blp,Character\Pandaren\Male\PandaMaleFaceUpper11_00.blp,,17,11,6
24203,20,0,1,Character\Pandaren\Male\pandamalefacelower11_01.blp,Character\Pandaren\Male\PandaMaleFaceUpper11_01.blp,,17,11,7
24204,20,0,1,Character\Pandaren\Male\pandamalefacelower11_02.blp,Character\Pandaren\Male\PandaMaleFaceUpper11_02.blp,,17,11,8
24205,20,0,1,Character\Pandaren\Male\pandamalefacelower11_03.blp,Character\Pandaren\Male\PandaMaleFaceUpper11_03.blp,,17,11,9
24206,20,0,1,Character\Pandaren\Male\pandamalefacelower11_04.blp,Character\Pandaren\Male\PandaMaleFaceUpper11_04.blp,,17,11,10
24207,20,0,1,Character\Pandaren\Male\pandamalefacelower11_01.blp,Character\Pandaren\Male\PandaMaleFaceUpper11_01.blp,,17,11,11
24208,20,0,1,Character\Pandaren\Male\pandamalefacelower11_02.blp,Character\Pandaren\Male\PandaMaleFaceUpper11_02.blp,,17,11,12
24209,20,0,1,Character\Pandaren\Male\pandamalefacelower11_03.blp,Character\Pandaren\Male\PandaMaleFaceUpper11_03.blp,,17,11,13
24210,20,0,1,Character\Pandaren\Male\pandamalefacelower12_00.blp,Character\Pandaren\Male\PandaMaleFaceUpper12_00.blp,,17,12,0
24211,20,0,1,Character\Pandaren\Male\pandamalefacelower12_01.blp,Character\Pandaren\Male\PandaMaleFaceUpper12_01.blp,,17,12,1
24212,20,0,1,Character\Pandaren\Male\pandamalefacelower12_02.blp,Character\Pandaren\Male\PandaMaleFaceUpper12_02.blp,,17,12,2
24213,20,0,1,Character\Pandaren\Male\pandamalefacelower12_03.blp,Character\Pandaren\Male\PandaMaleFaceUpper12_03.blp,,17,12,3
24214,20,0,1,Character\Pandaren\Male\pandamalefacelower12_04.blp,Character\Pandaren\Male\PandaMaleFaceUpper12_04.blp,,17,12,4
24215,20,0,1,Character\Pandaren\Male\pandamalefacelower12_05.blp,Character\Pandaren\Male\PandaMaleFaceUpper12_05.blp,,17,12,5
24216,20,0,1,Character\Pandaren\Male\pandamalefacelower12_00.blp,Character\Pandaren\Male\PandaMaleFaceUpper12_00.blp,,17,12,6
24217,20,0,1,Character\Pandaren\Male\pandamalefacelower12_01.blp,Character\Pandaren\Male\PandaMaleFaceUpper12_01.blp,,17,12,7
24218,20,0,1,Character\Pandaren\Male\pandamalefacelower12_02.blp,Character\Pandaren\Male\PandaMaleFaceUpper12_02.blp,,17,12,8
24219,20,0,1,Character\Pandaren\Male\pandamalefacelower12_03.blp,Character\Pandaren\Male\PandaMaleFaceUpper12_03.blp,,17,12,9
24220,20,0,1,Character\Pandaren\Male\pandamalefacelower12_04.blp,Character\Pandaren\Male\PandaMaleFaceUpper12_04.blp,,17,12,10
24221,20,0,1,Character\Pandaren\Male\pandamalefacelower12_01.blp,Character\Pandaren\Male\PandaMaleFaceUpper12_01.blp,,17,12,11
24222,20,0,1,Character\Pandaren\Male\pandamalefacelower12_02.blp,Character\Pandaren\Male\PandaMaleFaceUpper12_02.blp,,17,12,12
24223,20,0,1,Character\Pandaren\Male\pandamalefacelower12_03.blp,Character\Pandaren\Male\PandaMaleFaceUpper12_03.blp,,17,12,13
24224,20,0,1,Character\Pandaren\Male\pandamalefacelower13_00.blp,Character\Pandaren\Male\PandaMaleFaceUpper13_00.blp,,17,13,0
24225,20,0,1,Character\Pandaren\Male\pandamalefacelower13_01.blp,Character\Pandaren\Male\PandaMaleFaceUpper13_01.blp,,17,13,1
24226,20,0,1,Character\Pandaren\Male\pandamalefacelower13_02.blp,Character\Pandaren\Male\PandaMaleFaceUpper13_02.blp,,17,13,2
24227,20,0,1,Character\Pandaren\Male\pandamalefacelower13_03.blp,Character\Pandaren\Male\PandaMaleFaceUpper13_03.blp,,17,13,3
24228,20,0,1,Character\Pandaren\Male\pandamalefacelower13_04.blp,Character\Pandaren\Male\PandaMaleFaceUpper13_04.blp,,17,13,4
24229,20,0,1,Character\Pandaren\Male\pandamalefacelower13_05.blp,Character\Pandaren\Male\PandaMaleFaceUpper13_05.blp,,17,13,5
24230,20,0,1,Character\Pandaren\Male\pandamalefacelower13_00.blp,Character\Pandaren\Male\PandaMaleFaceUpper13_00.blp,,17,13,6
24231,20,0,1,Character\Pandaren\Male\pandamalefacelower13_01.blp,Character\Pandaren\Male\PandaMaleFaceUpper13_01.blp,,17,13,7
24232,20,0,1,Character\Pandaren\Male\pandamalefacelower13_02.blp,Character\Pandaren\Male\PandaMaleFaceUpper13_02.blp,,17,13,8
24233,20,0,1,Character\Pandaren\Male\pandamalefacelower13_03.blp,Character\Pandaren\Male\PandaMaleFaceUpper13_03.blp,,17,13,9
24234,20,0,1,Character\Pandaren\Male\pandamalefacelower13_04.blp,Character\Pandaren\Male\PandaMaleFaceUpper13_04.blp,,17,13,10
24235,20,0,1,Character\Pandaren\Male\pandamalefacelower13_01.blp,Character\Pandaren\Male\PandaMaleFaceUpper13_01.blp,,17,13,11
24236,20,0,1,Character\Pandaren\Male\pandamalefacelower13_02.blp,Character\Pandaren\Male\PandaMaleFaceUpper13_02.blp,,17,13,12
24237,20,0,1,Character\Pandaren\Male\pandamalefacelower13_03.blp,Character\Pandaren\Male\PandaMaleFaceUpper13_03.blp,,17,13,13
24238,20,0,1,Character\Pandaren\Male\pandamalefacelower14_00.blp,Character\Pandaren\Male\PandaMaleFaceUpper14_00.blp,,17,14,0
24239,20,0,1,Character\Pandaren\Male\pandamalefacelower14_01.blp,Character\Pandaren\Male\PandaMaleFaceUpper14_01.blp,,17,14,1
24240,20,0,1,Character\Pandaren\Male\pandamalefacelower14_02.blp,Character\Pandaren\Male\PandaMaleFaceUpper14_02.blp,,17,14,2
24241,20,0,1,Character\Pandaren\Male\pandamalefacelower14_03.blp,Character\Pandaren\Male\PandaMaleFaceUpper14_03.blp,,17,14,3
24242,20,0,1,Character\Pandaren\Male\pandamalefacelower14_04.blp,Character\Pandaren\Male\PandaMaleFaceUpper14_04.blp,,17,14,4
24243,20,0,1,Character\Pandaren\Male\pandamalefacelower14_05.blp,Character\Pandaren\Male\PandaMaleFaceUpper14_05.blp,,17,14,5
24244,20,0,1,Character\Pandaren\Male\pandamalefacelower14_00.blp,Character\Pandaren\Male\PandaMaleFaceUpper14_00.blp,,17,14,6
24245,20,0,1,Character\Pandaren\Male\pandamalefacelower14_01.blp,Character\Pandaren\Male\PandaMaleFaceUpper14_01.blp,,17,14,7
24246,20,0,1,Character\Pandaren\Male\pandamalefacelower14_02.blp,Character\Pandaren\Male\PandaMaleFaceUpper14_02.blp,,17,14,8
24247,20,0,1,Character\Pandaren\Male\pandamalefacelower14_03.blp,Character\Pandaren\Male\PandaMaleFaceUpper14_03.blp,,17,14,9
24248,20,0,1,Character\Pandaren\Male\pandamalefacelower14_04.blp,Character\Pandaren\Male\PandaMaleFaceUpper14_04.blp,,17,14,10
24249,20,0,1,Character\Pandaren\Male\pandamalefacelower14_01.blp,Character\Pandaren\Male\PandaMaleFaceUpper14_01.blp,,17,14,11
24250,20,0,1,Character\Pandaren\Male\pandamalefacelower14_02.blp,Character\Pandaren\Male\PandaMaleFaceUpper14_02.blp,,17,14,12
24251,20,0,1,Character\Pandaren\Male\pandamalefacelower14_03.blp,Character\Pandaren\Male\PandaMaleFaceUpper14_03.blp,,17,14,13
24252,20,0,1,Character\Pandaren\Male\pandamalefacelower15_00.blp,Character\Pandaren\Male\PandaMaleFaceUpper15_00.blp,,17,15,0
24253,20,0,1,Character\Pandaren\Male\pandamalefacelower15_01.blp,Character\Pandaren\Male\PandaMaleFaceUpper15_01.blp,,17,15,1
24254,20,0,1,Character\Pandaren\Male\pandamalefacelower15_02.blp,Character\Pandaren\Male\PandaMaleFaceUpper15_02.blp,,17,15,2
24255,20,0,1,Character\Pandaren\Male\pandamalefacelower15_03.blp,Character\Pandaren\Male\PandaMaleFaceUpper15_03.blp,,17,15,3
24256,20,0,1,Character\Pandaren\Male\pandamalefacelower15_04.blp,Character\Pandaren\Male\PandaMaleFaceUpper15_04.blp,,17,15,4
24257,20,0,1,Character\Pandaren\Male\pandamalefacelower15_05.blp,Character\Pandaren\Male\PandaMaleFaceUpper15_05.blp,,17,15,5
24258,20,0,1,Character\Pandaren\Male\pandamalefacelower15_00.blp,Character\Pandaren\Male\PandaMaleFaceUpper15_00.blp,,17,15,6
24259,20,0,1,Character\Pandaren\Male\pandamalefacelower15_01.blp,Character\Pandaren\Male\PandaMaleFaceUpper15_01.blp,,17,15,7
24260,20,0,1,Character\Pandaren\Male\pandamalefacelower15_02.blp,Character\Pandaren\Male\PandaMaleFaceUpper15_02.blp,,17,15,8
24261,20,0,1,Character\Pandaren\Male\pandamalefacelower15_03.blp,Character\Pandaren\Male\PandaMaleFaceUpper15_03.blp,,17,15,9
24262,20,0,1,Character\Pandaren\Male\pandamalefacelower15_04.blp,Character\Pandaren\Male\PandaMaleFaceUpper15_04.blp,,17,15,10
24263,20,0,1,Character\Pandaren\Male\pandamalefacelower15_01.blp,Character\Pandaren\Male\PandaMaleFaceUpper15_01.blp,,17,15,11
24264,20,0,1,Character\Pandaren\Male\pandamalefacelower15_02.blp,Character\Pandaren\Male\PandaMaleFaceUpper15_02.blp,,17,15,12
24265,20,0,1,Character\Pandaren\Male\pandamalefacelower15_03.blp,Character\Pandaren\Male\PandaMaleFaceUpper15_03.blp,,17,15,13
24266,20,0,1,Character\Pandaren\Male\pandamalefacelower16_00.blp,Character\Pandaren\Male\PandaMaleFaceUpper16_00.blp,,17,16,0
24267,20,0,1,Character\Pandaren\Male\pandamalefacelower16_01.blp,Character\Pandaren\Male\PandaMaleFaceUpper16_01.blp,,17,16,1
24268,20,0,1,Character\Pandaren\Male\pandamalefacelower16_02.blp,Character\Pandaren\Male\PandaMaleFaceUpper16_02.blp,,17,16,2
24269,20,0,1,Character\Pandaren\Male\pandamalefacelower16_03.blp,Character\Pandaren\Male\PandaMaleFaceUpper16_03.blp,,17,16,3
24270,20,0,1,Character\Pandaren\Male\pandamalefacelower16_04.blp,Character\Pandaren\Male\PandaMaleFaceUpper16_04.blp,,17,16,4
24271,20,0,1,Character\Pandaren\Male\pandamalefacelower16_05.blp,Character\Pandaren\Male\PandaMaleFaceUpper16_05.blp,,17,16,5
24272,20,0,1,Character\Pandaren\Male\pandamalefacelower16_00.blp,Character\Pandaren\Male\PandaMaleFaceUpper16_00.blp,,17,16,6
24273,20,0,1,Character\Pandaren\Male\pandamalefacelower16_01.blp,Character\Pandaren\Male\PandaMaleFaceUpper16_01.blp,,17,16,7
24274,20,0,1,Character\Pandaren\Male\pandamalefacelower16_02.blp,Character\Pandaren\Male\PandaMaleFaceUpper16_02.blp,,17,16,8
24275,20,0,1,Character\Pandaren\Male\pandamalefacelower16_03.blp,Character\Pandaren\Male\PandaMaleFaceUpper16_03.blp,,17,16,9
24276,20,0,1,Character\Pandaren\Male\pandamalefacelower16_04.blp,Character\Pandaren\Male\PandaMaleFaceUpper16_04.blp,,17,16,10
24277,20,0,1,Character\Pandaren\Male\pandamalefacelower16_01.blp,Character\Pandaren\Male\PandaMaleFaceUpper16_01.blp,,17,16,11
24278,20,0,1,Character\Pandaren\Male\pandamalefacelower16_02.blp,Character\Pandaren\Male\PandaMaleFaceUpper16_02.blp,,17,16,12
24279,20,0,1,Character\Pandaren\Male\pandamalefacelower16_03.blp,Character\Pandaren\Male\PandaMaleFaceUpper16_03.blp,,17,16,13
24280,20,0,1,Character\Pandaren\Male\pandamalefacelower17_00.blp,Character\Pandaren\Male\PandaMaleFaceUpper17_00.blp,,17,17,0
24281,20,0,1,Character\Pandaren\Male\pandamalefacelower17_01.blp,Character\Pandaren\Male\PandaMaleFaceUpper17_01.blp,,17,17,1
24282,20,0,1,Character\Pandaren\Male\pandamalefacelower17_02.blp,Character\Pandaren\Male\PandaMaleFaceUpper17_02.blp,,17,17,2
24283,20,0,1,Character\Pandaren\Male\pandamalefacelower17_03.blp,Character\Pandaren\Male\PandaMaleFaceUpper17_03.blp,,17,17,3
24284,20,0,1,Character\Pandaren\Male\pandamalefacelower17_04.blp,Character\Pandaren\Male\PandaMaleFaceUpper17_04.blp,,17,17,4
24285,20,0,1,Character\Pandaren\Male\pandamalefacelower17_05.blp,Character\Pandaren\Male\PandaMaleFaceUpper17_05.blp,,17,17,5
24286,20,0,1,Character\Pandaren\Male\pandamalefacelower17_00.blp,Character\Pandaren\Male\PandaMaleFaceUpper17_00.blp,,17,17,6
24287,20,0,1,Character\Pandaren\Male\pandamalefacelower17_01.blp,Character\Pandaren\Male\PandaMaleFaceUpper17_01.blp,,17,17,7
24288,20,0,1,Character\Pandaren\Male\pandamalefacelower17_02.blp,Character\Pandaren\Male\PandaMaleFaceUpper17_02.blp,,17,17,8
24289,20,0,1,Character\Pandaren\Male\pandamalefacelower17_03.blp,Character\Pandaren\Male\PandaMaleFaceUpper17_03.blp,,17,17,9
24290,20,0,1,Character\Pandaren\Male\pandamalefacelower17_04.blp,Character\Pandaren\Male\PandaMaleFaceUpper17_04.blp,,17,17,10
24291,20,0,1,Character\Pandaren\Male\pandamalefacelower17_01.blp,Character\Pandaren\Male\PandaMaleFaceUpper17_01.blp,,17,17,11
24292,20,0,1,Character\Pandaren\Male\pandamalefacelower17_02.blp,Character\Pandaren\Male\PandaMaleFaceUpper17_02.blp,,17,17,12
24293,20,0,1,Character\Pandaren\Male\pandamalefacelower17_03.blp,Character\Pandaren\Male\PandaMaleFaceUpper17_03.blp,,17,17,13
24294,20,0,1,Character\Pandaren\Male\pandamalefacelower18_00.blp,Character\Pandaren\Male\PandaMaleFaceUpper18_00.blp,,17,18,0
24295,20,0,1,Character\Pandaren\Male\pandamalefacelower18_01.blp,Character\Pandaren\Male\PandaMaleFaceUpper18_01.blp,,17,18,1
24296,20,0,1,Character\Pandaren\Male\pandamalefacelower18_02.blp,Character\Pandaren\Male\PandaMaleFaceUpper18_02.blp,,17,18,2
24297,20,0,1,Character\Pandaren\Male\pandamalefacelower18_03.blp,Character\Pandaren\Male\PandaMaleFaceUpper18_03.blp,,17,18,3
24298,20,0,1,Character\Pandaren\Male\pandamalefacelower18_04.blp,Character\Pandaren\Male\PandaMaleFaceUpper18_04.blp,,17,18,4
24299,20,0,1,Character\Pandaren\Male\pandamalefacelower18_05.blp,Character\Pandaren\Male\PandaMaleFaceUpper18_05.blp,,17,18,5
24300,20,0,1,Character\Pandaren\Male\pandamalefacelower18_00.blp,Character\Pandaren\Male\PandaMaleFaceUpper18_00.blp,,17,18,6
24301,20,0,1,Character\Pandaren\Male\pandamalefacelower18_01.blp,Character\Pandaren\Male\PandaMaleFaceUpper18_01.blp,,17,18,7
24302,20,0,1,Character\Pandaren\Male\pandamalefacelower18_02.blp,Character\Pandaren\Male\PandaMaleFaceUpper18_02.blp,,17,18,8
24303,20,0,1,Character\Pandaren\Male\pandamalefacelower18_03.blp,Character\Pandaren\Male\PandaMaleFaceUpper18_03.blp,,17,18,9
24304,20,0,1,Character\Pandaren\Male\pandamalefacelower18_04.blp,Character\Pandaren\Male\PandaMaleFaceUpper18_04.blp,,17,18,10
24305,20,0,1,Character\Pandaren\Male\pandamalefacelower18_01.blp,Character\Pandaren\Male\PandaMaleFaceUpper18_01.blp,,17,18,11
24306,20,0,1,Character\Pandaren\Male\pandamalefacelower18_02.blp,Character\Pandaren\Male\PandaMaleFaceUpper18_02.blp,,17,18,12
24307,20,0,1,Character\Pandaren\Male\pandamalefacelower18_03.blp,Character\Pandaren\Male\PandaMaleFaceUpper18_03.blp,,17,18,13
24308,20,0,1,Character\Pandaren\Male\pandamalefacelower19_00.blp,Character\Pandaren\Male\PandaMaleFaceUpper19_00.blp,,17,19,0
24309,20,0,1,Character\Pandaren\Male\pandamalefacelower19_01.blp,Character\Pandaren\Male\PandaMaleFaceUpper19_01.blp,,17,19,1
24310,20,0,1,Character\Pandaren\Male\pandamalefacelower19_02.blp,Character\Pandaren\Male\PandaMaleFaceUpper19_02.blp,,17,19,2
24311,20,0,1,Character\Pandaren\Male\pandamalefacelower19_03.blp,Character\Pandaren\Male\PandaMaleFaceUpper19_03.blp,,17,19,3
24312,20,0,1,Character\Pandaren\Male\pandamalefacelower19_04.blp,Character\Pandaren\Male\PandaMaleFaceUpper19_04.blp,,17,19,4
24313,20,0,1,Character\Pandaren\Male\pandamalefacelower19_05.blp,Character\Pandaren\Male\PandaMaleFaceUpper19_05.blp,,17,19,5
24314,20,0,1,Character\Pandaren\Male\pandamalefacelower19_00.blp,Character\Pandaren\Male\PandaMaleFaceUpper19_00.blp,,17,19,6
24315,20,0,1,Character\Pandaren\Male\pandamalefacelower19_01.blp,Character\Pandaren\Male\PandaMaleFaceUpper19_01.blp,,17,19,7
24316,20,0,1,Character\Pandaren\Male\pandamalefacelower19_02.blp,Character\Pandaren\Male\PandaMaleFaceUpper19_02.blp,,17,19,8
24317,20,0,1,Character\Pandaren\Male\pandamalefacelower19_03.blp,Character\Pandaren\Male\PandaMaleFaceUpper19_03.blp,,17,19,9
24318,20,0,1,Character\Pandaren\Male\pandamalefacelower19_04.blp,Character\Pandaren\Male\PandaMaleFaceUpper19_04.blp,,17,19,10
24319,20,0,1,Character\Pandaren\Male\pandamalefacelower19_01.blp,Character\Pandaren\Male\PandaMaleFaceUpper19_01.blp,,17,19,11
24320,20,0,1,Character\Pandaren\Male\pandamalefacelower19_02.blp,Character\Pandaren\Male\PandaMaleFaceUpper19_02.blp,,17,19,12
24321,20,0,1,Character\Pandaren\Male\pandamalefacelower19_03.blp,Character\Pandaren\Male\PandaMaleFaceUpper19_03.blp,,17,19,13
24322,20,0,1,Character\Pandaren\Male\pandamalefacelower20_00.blp,Character\Pandaren\Male\PandaMaleFaceUpper20_00.blp,,17,20,0
24323,20,0,1,Character\Pandaren\Male\pandamalefacelower20_01.blp,Character\Pandaren\Male\PandaMaleFaceUpper20_01.blp,,17,20,1
24324,20,0,1,Character\Pandaren\Male\pandamalefacelower20_02.blp,Character\Pandaren\Male\PandaMaleFaceUpper20_02.blp,,17,20,2
24325,20,0,1,Character\Pandaren\Male\pandamalefacelower20_03.blp,Character\Pandaren\Male\PandaMaleFaceUpper20_03.blp,,17,20,3
24326,20,0,1,Character\Pandaren\Male\pandamalefacelower20_04.blp,Character\Pandaren\Male\PandaMaleFaceUpper20_04.blp,,17,20,4
24327,20,0,1,Character\Pandaren\Male\pandamalefacelower20_05.blp,Character\Pandaren\Male\PandaMaleFaceUpper20_05.blp,,17,20,5
24328,20,0,1,Character\Pandaren\Male\pandamalefacelower20_00.blp,Character\Pandaren\Male\PandaMaleFaceUpper20_00.blp,,17,20,6
24329,20,0,1,Character\Pandaren\Male\pandamalefacelower20_01.blp,Character\Pandaren\Male\PandaMaleFaceUpper20_01.blp,,17,20,7
24330,20,0,1,Character\Pandaren\Male\pandamalefacelower20_02.blp,Character\Pandaren\Male\PandaMaleFaceUpper20_02.blp,,17,20,8
24331,20,0,1,Character\Pandaren\Male\pandamalefacelower20_03.blp,Character\Pandaren\Male\PandaMaleFaceUpper20_03.blp,,17,20,9
24332,20,0,1,Character\Pandaren\Male\pandamalefacelower20_04.blp,Character\Pandaren\Male\PandaMaleFaceUpper20_04.blp,,17,20,10
24333,20,0,1,Character\Pandaren\Male\pandamalefacelower20_01.blp,Character\Pandaren\Male\PandaMaleFaceUpper20_01.blp,,17,20,11
24334,20,0,1,Character\Pandaren\Male\pandamalefacelower20_02.blp,Character\Pandaren\Male\PandaMaleFaceUpper20_02.blp,,17,20,12
24335,20,0,1,Character\Pandaren\Male\pandamalefacelower20_03.blp,Character\Pandaren\Male\PandaMaleFaceUpper20_03.blp,,17,20,13
24336,20,0,2,,,,1,0,0
24337,20,0,2,,,,1,0,1
24338,20,0,2,,,,1,0,2
24339,20,0,2,,,,1,0,3
24340,20,0,2,,,,1,0,4
24341,20,0,2,,,,1,0,5
24342,20,0,2,,,,1,0,6
24343,20,0,2,,,,1,0,7
24344,20,0,2,,,,1,0,8
24345,20,0,2,,,,1,0,9
24346,20,0,2,,,,1,0,10
24347,20,0,2,,,,1,0,11
24348,20,0,2,,,,1,0,12
24349,20,0,2,,,,1,0,13
24350,20,0,2,,Character\Pandaren\FacialHair00_00.blp,,1,1,0
24351,20,0,2,,Character\Pandaren\FacialHair00_01.blp,,1,1,1
24352,20,0,2,,Character\Pandaren\FacialHair00_02.blp,,1,1,2
24353,20,0,2,,Character\Pandaren\FacialHair00_03.blp,,1,1,3
24354,20,0,2,,Character\Pandaren\FacialHair00_04.blp,,1,1,4
24355,20,0,2,,Character\Pandaren\FacialHair00_05.blp,,1,1,5
24356,20,0,2,,Character\Pandaren\FacialHair00_00.blp,,1,1,6
24357,20,0,2,,Character\Pandaren\FacialHair00_01.blp,,1,1,7
24358,20,0,2,,Character\Pandaren\FacialHair00_02.blp,,1,1,8
24359,20,0,2,,Character\Pandaren\FacialHair00_03.blp,,1,1,9
24360,20,0,2,,Character\Pandaren\FacialHair00_04.blp,,1,1,10
24361,20,0,2,,Character\Pandaren\FacialHair00_01.blp,,1,1,11
24362,20,0,2,,Character\Pandaren\FacialHair00_02.blp,,1,1,12
24363,20,0,2,,Character\Pandaren\FacialHair00_03.blp,,1,1,13
24364,20,0,2,,Character\Pandaren\FacialHair01_00.blp,,1,2,0
24365,20,0,2,,Character\Pandaren\FacialHair01_01.blp,,1,2,1
24366,20,0,2,,Character\Pandaren\FacialHair01_02.blp,,1,2,2
24367,20,0,2,,Character\Pandaren\FacialHair01_03.blp,,1,2,3
24368,20,0,2,,Character\Pandaren\FacialHair01_04.blp,,1,2,4
24369,20,0,2,,Character\Pandaren\FacialHair01_05.blp,,1,2,5
24370,20,0,2,,Character\Pandaren\FacialHair01_00.blp,,1,2,6
24371,20,0,2,,Character\Pandaren\FacialHair01_01.blp,,1,2,7
24372,20,0,2,,Character\Pandaren\FacialHair01_02.blp,,1,2,8
24373,20,0,2,,Character\Pandaren\FacialHair01_03.blp,,1,2,9
24374,20,0,2,,Character\Pandaren\FacialHair01_04.blp,,1,2,10
24375,20,0,2,,Character\Pandaren\FacialHair01_01.blp,,1,2,11
24376,20,0,2,,Character\Pandaren\FacialHair01_02.blp,,1,2,12
24377,20,0,2,,Character\Pandaren\FacialHair01_03.blp,,1,2,13
24378,20,0,2,,Character\Pandaren\FacialHair02_00.blp,,1,3,0
24379,20,0,2,,Character\Pandaren\FacialHair02_01.blp,,1,3,1
24380,20,0,2,,Character\Pandaren\FacialHair02_02.blp,,1,3,2
24381,20,0,2,,Character\Pandaren\FacialHair02_03.blp,,1,3,3
24382,20,0,2,,Character\Pandaren\FacialHair02_04.blp,,1,3,4
24383,20,0,2,,Character\Pandaren\FacialHair02_05.blp,,1,3,5
24384,20,0,2,,Character\Pandaren\FacialHair02_00.blp,,1,3,6
24385,20,0,2,,Character\Pandaren\FacialHair02_01.blp,,1,3,7
24386,20,0,2,,Character\Pandaren\FacialHair02_02.blp,,1,3,8
24387,20,0,2,,Character\Pandaren\FacialHair02_03.blp,,1,3,9
24388,20,0,2,,Character\Pandaren\FacialHair02_04.blp,,1,3,10
24389,20,0,2,,Character\Pandaren\FacialHair02_01.blp,,1,3,11
24390,20,0,2,,Character\Pandaren\FacialHair02_02.blp,,1,3,12
24391,20,0,2,,Character\Pandaren\FacialHair02_03.blp,,1,3,13
24392,20,0,2,,Character\Pandaren\FacialHair03_00.blp,,1,4,0
24393,20,0,2,,Character\Pandaren\FacialHair03_01.blp,,1,4,1
24394,20,0,2,,Character\Pandaren\FacialHair03_02.blp,,1,4,2
24395,20,0,2,,Character\Pandaren\FacialHair03_03.blp,,1,4,3
24396,20,0,2,,Character\Pandaren\FacialHair03_04.blp,,1,4,4
24397,20,0,2,,Character\Pandaren\FacialHair03_05.blp,,1,4,5
24398,20,0,2,,Character\Pandaren\FacialHair03_00.blp,,1,4,6
24399,20,0,2,,Character\Pandaren\FacialHair03_01.blp,,1,4,7
24400,20,0,2,,Character\Pandaren\FacialHair03_02.blp,,1,4,8
24401,20,0,2,,Character\Pandaren\FacialHair03_03.blp,,1,4,9
24402,20,0,2,,Character\Pandaren\FacialHair03_04.blp,,1,4,10
24403,20,0,2,,Character\Pandaren\FacialHair03_01.blp,,1,4,11
24404,20,0,2,,Character\Pandaren\FacialHair03_02.blp,,1,4,12
24405,20,0,2,,Character\Pandaren\FacialHair03_03.blp,,1,4,13
24406,20,0,2,,Character\Pandaren\FacialHair04_00.blp,,1,5,0
24407,20,0,2,,Character\Pandaren\FacialHair04_01.blp,,1,5,1
24408,20,0,2,,Character\Pandaren\FacialHair04_02.blp,,1,5,2
24409,20,0,2,,Character\Pandaren\FacialHair04_03.blp,,1,5,3
24410,20,0,2,,Character\Pandaren\FacialHair04_04.blp,,1,5,4
24411,20,0,2,,Character\Pandaren\FacialHair04_05.blp,,1,5,5
24412,20,0,2,,Character\Pandaren\FacialHair04_00.blp,,1,5,6
24413,20,0,2,,Character\Pandaren\FacialHair04_01.blp,,1,5,7
24414,20,0,2,,Character\Pandaren\FacialHair04_02.blp,,1,5,8
24415,20,0,2,,Character\Pandaren\FacialHair04_03.blp,,1,5,9
24416,20,0,2,,Character\Pandaren\FacialHair04_04.blp,,1,5,10
24417,20,0,2,,Character\Pandaren\FacialHair04_01.blp,,1,5,11
24418,20,0,2,,Character\Pandaren\FacialHair04_02.blp,,1,5,12
24419,20,0,2,,Character\Pandaren\FacialHair04_03.blp,,1,5,13
24420,20,0,2,,Character\Pandaren\FacialHair05_00.blp,,1,6,0
24421,20,0,2,,Character\Pandaren\FacialHair05_01.blp,,1,6,1
24422,20,0,2,,Character\Pandaren\FacialHair05_02.blp,,1,6,2
24423,20,0,2,,Character\Pandaren\FacialHair05_03.blp,,1,6,3
24424,20,0,2,,Character\Pandaren\FacialHair05_04.blp,,1,6,4
24425,20,0,2,,Character\Pandaren\FacialHair05_05.blp,,1,6,5
24426,20,0,2,,Character\Pandaren\FacialHair05_00.blp,,1,6,6
24427,20,0,2,,Character\Pandaren\FacialHair05_01.blp,,1,6,7
24428,20,0,2,,Character\Pandaren\FacialHair05_02.blp,,1,6,8
24429,20,0,2,,Character\Pandaren\FacialHair05_03.blp,,1,6,9
24430,20,0,2,,Character\Pandaren\FacialHair05_04.blp,,1,6,10
24431,20,0,2,,Character\Pandaren\FacialHair05_01.blp,,1,6,11
24432,20,0,2,,Character\Pandaren\FacialHair05_02.blp,,1,6,12
24433,20,0,2,,Character\Pandaren\FacialHair05_03.blp,,1,6,13
24434,20,0,2,,Character\Pandaren\FacialHair06_00.blp,,1,7,0
24435,20,0,2,,Character\Pandaren\FacialHair06_01.blp,,1,7,1
24436,20,0,2,,Character\Pandaren\FacialHair06_02.blp,,1,7,2
24437,20,0,2,,Character\Pandaren\FacialHair06_03.blp,,1,7,3
24438,20,0,2,,Character\Pandaren\FacialHair06_04.blp,,1,7,4
24439,20,0,2,,Character\Pandaren\FacialHair06_05.blp,,1,7,5
24440,20,0,2,,Character\Pandaren\FacialHair06_00.blp,,1,7,6
24441,20,0,2,,Character\Pandaren\FacialHair06_01.blp,,1,7,7
24442,20,0,2,,Character\Pandaren\FacialHair06_02.blp,,1,7,8
24443,20,0,2,,Character\Pandaren\FacialHair06_03.blp,,1,7,9
24444,20,0,2,,Character\Pandaren\FacialHair06_04.blp,,1,7,10
24445,20,0,2,,Character\Pandaren\FacialHair06_01.blp,,1,7,11
24446,20,0,2,,Character\Pandaren\FacialHair06_02.blp,,1,7,12
24447,20,0,2,,Character\Pandaren\FacialHair06_03.blp,,1,7,13
24448,20,0,2,,Character\Pandaren\FacialHair07_00.blp,,1,8,0
24449,20,0,2,,Character\Pandaren\FacialHair07_01.blp,,1,8,1
24450,20,0,2,,Character\Pandaren\FacialHair07_02.blp,,1,8,2
24451,20,0,2,,Character\Pandaren\FacialHair07_03.blp,,1,8,3
24452,20,0,2,,Character\Pandaren\FacialHair07_04.blp,,1,8,4
24453,20,0,2,,Character\Pandaren\FacialHair07_05.blp,,1,8,5
24454,20,0,2,,Character\Pandaren\FacialHair07_00.blp,,1,8,6
24455,20,0,2,,Character\Pandaren\FacialHair07_01.blp,,1,8,7
24456,20,0,2,,Character\Pandaren\FacialHair07_02.blp,,1,8,8
24457,20,0,2,,Character\Pandaren\FacialHair07_03.blp,,1,8,9
24458,20,0,2,,Character\Pandaren\FacialHair07_04.blp,,1,8,10
24459,20,0,2,,Character\Pandaren\FacialHair07_01.blp,,1,8,11
24460,20,0,2,,Character\Pandaren\FacialHair07_02.blp,,1,8,12
24461,20,0,2,,Character\Pandaren\FacialHair07_03.blp,,1,8,13
24462,20,0,2,,Character\Pandaren\FacialHair08_00.blp,,1,9,0
24463,20,0,2,,Character\Pandaren\FacialHair08_01.blp,,1,9,1
24464,20,0,2,,Character\Pandaren\FacialHair08_02.blp,,1,9,2
24465,20,0,2,,Character\Pandaren\FacialHair08_03.blp,,1,9,3
24466,20,0,2,,Character\Pandaren\FacialHair08_04.blp,,1,9,4
24467,20,0,2,,Character\Pandaren\FacialHair08_05.blp,,1,9,5
24468,20,0,2,,Character\Pandaren\FacialHair08_00.blp,,1,9,6
24469,20,0,2,,Character\Pandaren\FacialHair08_01.blp,,1,9,7
24470,20,0,2,,Character\Pandaren\FacialHair08_02.blp,,1,9,8
24471,20,0,2,,Character\Pandaren\FacialHair08_03.blp,,1,9,9
24472,20,0,2,,Character\Pandaren\FacialHair08_04.blp,,1,9,10
24473,20,0,2,,Character\Pandaren\FacialHair08_01.blp,,1,9,11
24474,20,0,2,,Character\Pandaren\FacialHair08_02.blp,,1,9,12
24475,20,0,2,,Character\Pandaren\FacialHair08_03.blp,,1,9,13
24476,20,0,2,,Character\Pandaren\FacialHair09_00.blp,,1,10,0
24477,20,0,2,,Character\Pandaren\FacialHair09_01.blp,,1,10,1
24478,20,0,2,,Character\Pandaren\FacialHair09_02.blp,,1,10,2
24479,20,0,2,,Character\Pandaren\FacialHair09_03.blp,,1,10,3
24480,20,0,2,,Character\Pandaren\FacialHair09_04.blp,,1,10,4
24481,20,0,2,,Character\Pandaren\FacialHair09_05.blp,,1,10,5
24482,20,0,2,,Character\Pandaren\FacialHair09_00.blp,,1,10,6
24483,20,0,2,,Character\Pandaren\FacialHair09_01.blp,,1,10,7
24484,20,0,2,,Character\Pandaren\FacialHair09_02.blp,,1,10,8
24485,20,0,2,,Character\Pandaren\FacialHair09_03.blp,,1,10,9
24486,20,0,2,,Character\Pandaren\FacialHair09_04.blp,,1,10,10
24487,20,0,2,,Character\Pandaren\FacialHair09_01.blp,,1,10,11
24488,20,0,2,,Character\Pandaren\FacialHair09_02.blp,,1,10,12
24489,20,0,2,,Character\Pandaren\FacialHair09_03.blp,,1,10,13
24490,20,0,2,,Character\Pandaren\FacialHair10_00.blp,,1,11,0
24491,20,0,2,,Character\Pandaren\FacialHair10_01.blp,,1,11,1
24492,20,0,2,,Character\Pandaren\FacialHair10_02.blp,,1,11,2
24493,20,0,2,,Character\Pandaren\FacialHair10_03.blp,,1,11,3
24494,20,0,2,,Character\Pandaren\FacialHair10_04.blp,,1,11,4
24495,20,0,2,,Character\Pandaren\FacialHair10_05.blp,,1,11,5
24496,20,0,2,,Character\Pandaren\FacialHair10_00.blp,,1,11,6
24497,20,0,2,,Character\Pandaren\FacialHair10_01.blp,,1,11,7
24498,20,0,2,,Character\Pandaren\FacialHair10_02.blp,,1,11,8
24499,20,0,2,,Character\Pandaren\FacialHair10_03.blp,,1,11,9
24500,20,0,2,,Character\Pandaren\FacialHair10_04.blp,,1,11,10
24501,20,0,2,,Character\Pandaren\FacialHair10_01.blp,,1,11,11
24502,20,0,2,,Character\Pandaren\FacialHair10_02.blp,,1,11,12
24503,20,0,2,,Character\Pandaren\FacialHair10_03.blp,,1,11,13
24504,20,0,2,,Character\Pandaren\FacialHair11_00.blp,,1,12,0
24505,20,0,2,,Character\Pandaren\FacialHair11_01.blp,,1,12,1
24506,20,0,2,,Character\Pandaren\FacialHair11_02.blp,,1,12,2
24507,20,0,2,,Character\Pandaren\FacialHair11_03.blp,,1,12,3
24508,20,0,2,,Character\Pandaren\FacialHair11_04.blp,,1,12,4
24509,20,0,2,,Character\Pandaren\FacialHair11_05.blp,,1,12,5
24510,20,0,2,,Character\Pandaren\FacialHair11_00.blp,,1,12,6
24511,20,0,2,,Character\Pandaren\FacialHair11_01.blp,,1,12,7
24512,20,0,2,,Character\Pandaren\FacialHair11_02.blp,,1,12,8
24513,20,0,2,,Character\Pandaren\FacialHair11_03.blp,,1,12,9
24514,20,0,2,,Character\Pandaren\FacialHair11_04.blp,,1,12,10
24515,20,0,2,,Character\Pandaren\FacialHair11_01.blp,,1,12,11
24516,20,0,2,,Character\Pandaren\FacialHair11_02.blp,,1,12,12
24517,20,0,2,,Character\Pandaren\FacialHair11_03.blp,,1,12,13
24518,20,0,2,,Character\Pandaren\FacialHair12_00.blp,,1,13,0
24519,20,0,2,,Character\Pandaren\FacialHair12_01.blp,,1,13,1
24520,20,0,2,,Character\Pandaren\FacialHair12_02.blp,,1,13,2
24521,20,0,2,,Character\Pandaren\FacialHair12_03.blp,,1,13,3
24522,20,0,2,,Character\Pandaren\FacialHair12_04.blp,,1,13,4
24523,20,0,2,,Character\Pandaren\FacialHair12_05.blp,,1,13,5
24524,20,0,2,,Character\Pandaren\FacialHair12_00.blp,,1,13,6
24525,20,0,2,,Character\Pandaren\FacialHair12_01.blp,,1,13,7
24526,20,0,2,,Character\Pandaren\FacialHair12_02.blp,,1,13,8
24527,20,0,2,,Character\Pandaren\FacialHair12_03.blp,,1,13,9
24528,20,0,2,,Character\Pandaren\FacialHair12_04.blp,,1,13,10
24529,20,0,2,,Character\Pandaren\FacialHair12_01.blp,,1,13,11
24530,20,0,2,,Character\Pandaren\FacialHair12_02.blp,,1,13,12
24531,20,0,2,,Character\Pandaren\FacialHair12_03.blp,,1,13,13
24532,20,0,2,,Character\Pandaren\FacialHair13_00.blp,,1,14,0
24533,20,0,2,,Character\Pandaren\FacialHair13_01.blp,,1,14,1
24534,20,0,2,,Character\Pandaren\FacialHair13_02.blp,,1,14,2
24535,20,0,2,,Character\Pandaren\FacialHair13_03.blp,,1,14,3
24536,20,0,2,,Character\Pandaren\FacialHair13_04.blp,,1,14,4
24537,20,0,2,,Character\Pandaren\FacialHair13_05.blp,,1,14,5
24538,20,0,2,,Character\Pandaren\FacialHair13_00.blp,,1,14,6
24539,20,0,2,,Character\Pandaren\FacialHair13_01.blp,,1,14,7
24540,20,0,2,,Character\Pandaren\FacialHair13_02.blp,,1,14,8
24541,20,0,2,,Character\Pandaren\FacialHair13_03.blp,,1,14,9
24542,20,0,2,,Character\Pandaren\FacialHair13_04.blp,,1,14,10
24543,20,0,2,,Character\Pandaren\FacialHair13_01.blp,,1,14,11
24544,20,0,2,,Character\Pandaren\FacialHair13_02.blp,,1,14,12
24545,20,0,2,,Character\Pandaren\FacialHair13_03.blp,,1,14,13
24546,20,0,2,,Character\Pandaren\FacialHair14_00.blp,,1,15,0
24547,20,0,2,,Character\Pandaren\FacialHair14_01.blp,,1,15,1
24548,20,0,2,,Character\Pandaren\FacialHair14_02.blp,,1,15,2
24549,20,0,2,,Character\Pandaren\FacialHair14_03.blp,,1,15,3
24550,20,0,2,,Character\Pandaren\FacialHair14_04.blp,,1,15,4
24551,20,0,2,,Character\Pandaren\FacialHair14_05.blp,,1,15,5
24552,20,0,2,,Character\Pandaren\FacialHair14_00.blp,,1,15,6
24553,20,0,2,,Character\Pandaren\FacialHair14_01.blp,,1,15,7
24554,20,0,2,,Character\Pandaren\FacialHair14_02.blp,,1,15,8
24555,20,0,2,,Character\Pandaren\FacialHair14_03.blp,,1,15,9
24556,20,0,2,,Character\Pandaren\FacialHair14_04.blp,,1,15,10
24557,20,0,2,,Character\Pandaren\FacialHair14_01.blp,,1,15,11
24558,20,0,2,,Character\Pandaren\FacialHair14_02.blp,,1,15,12
24559,20,0,2,,Character\Pandaren\FacialHair14_03.blp,,1,15,13
24560,20,0,2,,Character\Pandaren\FacialHair15_00.blp,,1,16,0
24561,20,0,2,,Character\Pandaren\FacialHair15_01.blp,,1,16,1
24562,20,0,2,,Character\Pandaren\FacialHair15_02.blp,,1,16,2
24563,20,0,2,,Character\Pandaren\FacialHair15_03.blp,,1,16,3
24564,20,0,2,,Character\Pandaren\FacialHair15_04.blp,,1,16,4
24565,20,0,2,,Character\Pandaren\FacialHair15_05.blp,,1,16,5
24566,20,0,2,,Character\Pandaren\FacialHair15_00.blp,,1,16,6
24567,20,0,2,,Character\Pandaren\FacialHair15_01.blp,,1,16,7
24568,20,0,2,,Character\Pandaren\FacialHair15_02.blp,,1,16,8
24569,20,0,2,,Character\Pandaren\FacialHair15_03.blp,,1,16,9
24570,20,0,2,,Character\Pandaren\FacialHair15_04.blp,,1,16,10
24571,20,0,2,,Character\Pandaren\FacialHair15_01.blp,,1,16,11
24572,20,0,2,,Character\Pandaren\FacialHair15_02.blp,,1,16,12
24573,20,0,2,,Character\Pandaren\FacialHair15_03.blp,,1,16,13
24574,20,0,2,,Character\Pandaren\FacialHair16_00.blp,,1,17,0
24575,20,0,2,,Character\Pandaren\FacialHair16_01.blp,,1,17,1
24576,20,0,2,,Character\Pandaren\FacialHair16_02.blp,,1,17,2
24577,20,0,2,,Character\Pandaren\FacialHair16_03.blp,,1,17,3
24578,20,0,2,,Character\Pandaren\FacialHair16_04.blp,,1,17,4
24579,20,0,2,,Character\Pandaren\FacialHair16_05.blp,,1,17,5
24580,20,0,2,,Character\Pandaren\FacialHair16_00.blp,,1,17,6
24581,20,0,2,,Character\Pandaren\FacialHair16_01.blp,,1,17,7
24582,20,0,2,,Character\Pandaren\FacialHair16_02.blp,,1,17,8
24583,20,0,2,,Character\Pandaren\FacialHair16_03.blp,,1,17,9
24584,20,0,2,,Character\Pandaren\FacialHair16_04.blp,,1,17,10
24585,20,0,2,,Character\Pandaren\FacialHair16_01.blp,,1,17,11
24586,20,0,2,,Character\Pandaren\FacialHair16_02.blp,,1,17,12
24587,20,0,2,,Character\Pandaren\FacialHair16_03.blp,,1,17,13
24588,20,0,2,,Character\Pandaren\FacialHair17_00.blp,,1,18,0
24589,20,0,2,,Character\Pandaren\FacialHair17_01.blp,,1,18,1
24590,20,0,2,,Character\Pandaren\FacialHair17_02.blp,,1,18,2
24591,20,0,2,,Character\Pandaren\FacialHair17_03.blp,,1,18,3
24592,20,0,2,,Character\Pandaren\FacialHair17_04.blp,,1,18,4
24593,20,0,2,,Character\Pandaren\FacialHair17_05.blp,,1,18,5
24594,20,0,2,,Character\Pandaren\FacialHair17_00.blp,,1,18,6
24595,20,0,2,,Character\Pandaren\FacialHair17_01.blp,,1,18,7
24596,20,0,2,,Character\Pandaren\FacialHair17_02.blp,,1,18,8
24597,20,0,2,,Character\Pandaren\FacialHair17_03.blp,,1,18,9
24598,20,0,2,,Character\Pandaren\FacialHair17_04.blp,,1,18,10
24599,20,0,2,,Character\Pandaren\FacialHair17_01.blp,,1,18,11
24600,20,0,2,,Character\Pandaren\FacialHair17_02.blp,,1,18,12
24601,20,0,2,,Character\Pandaren\FacialHair17_03.blp,,1,18,13
24602,20,0,2,,Character\Pandaren\FacialHair18_00.blp,,1,19,0
24603,20,0,2,,Character\Pandaren\FacialHair18_01.blp,,1,19,1
24604,20,0,2,,Character\Pandaren\FacialHair18_02.blp,,1,19,2
24605,20,0,2,,Character\Pandaren\FacialHair18_03.blp,,1,19,3
24606,20,0,2,,Character\Pandaren\FacialHair18_04.blp,,1,19,4
24607,20,0,2,,Character\Pandaren\FacialHair18_05.blp,,1,19,5
24608,20,0,2,,Character\Pandaren\FacialHair18_00.blp,,1,19,6
24609,20,0,2,,Character\Pandaren\FacialHair18_01.blp,,1,19,7
24610,20,0,2,,Character\Pandaren\FacialHair18_02.blp,,1,19,8
24611,20,0,2,,Character\Pandaren\FacialHair18_03.blp,,1,19,9
24612,20,0,2,,Character\Pandaren\FacialHair18_04.blp,,1,19,10
24613,20,0,2,,Character\Pandaren\FacialHair18_01.blp,,1,19,11
24614,20,0,2,,Character\Pandaren\FacialHair18_02.blp,,1,19,12
24615,20,0,2,,Character\Pandaren\FacialHair18_03.blp,,1,19,13
24616,20,0,2,,Character\Pandaren\FacialHair19_00.blp,,1,20,0
24617,20,0,2,,Character\Pandaren\FacialHair19_01.blp,,1,20,1
24618,20,0,2,,Character\Pandaren\FacialHair19_02.blp,,1,20,2
24619,20,0,2,,Character\Pandaren\FacialHair19_03.blp,,1,20,3
24620,20,0,2,,Character\Pandaren\FacialHair19_04.blp,,1,20,4
24621,20,0,2,,Character\Pandaren\FacialHair19_05.blp,,1,20,5
24622,20,0,2,,Character\Pandaren\FacialHair19_00.blp,,1,20,6
24623,20,0,2,,Character\Pandaren\FacialHair19_01.blp,,1,20,7
24624,20,0,2,,Character\Pandaren\FacialHair19_02.blp,,1,20,8
24625,20,0,2,,Character\Pandaren\FacialHair19_03.blp,,1,20,9
24626,20,0,2,,Character\Pandaren\FacialHair19_04.blp,,1,20,10
24627,20,0,2,,Character\Pandaren\FacialHair19_01.blp,,1,20,11
24628,20,0,2,,Character\Pandaren\FacialHair19_02.blp,,1,20,12
24629,20,0,2,,Character\Pandaren\FacialHair19_03.blp,,1,20,13
24630,20,0,2,,Character\Pandaren\FacialHair20_00.blp,,1,21,0
24631,20,0,2,,Character\Pandaren\FacialHair20_01.blp,,1,21,1
24632,20,0,2,,Character\Pandaren\FacialHair20_02.blp,,1,21,2
24633,20,0,2,,Character\Pandaren\FacialHair20_03.blp,,1,21,3
24634,20,0,2,,Character\Pandaren\FacialHair20_04.blp,,1,21,4
24635,20,0,2,,Character\Pandaren\FacialHair20_05.blp,,1,21,5
24636,20,0,2,,Character\Pandaren\FacialHair20_00.blp,,1,21,6
24637,20,0,2,,Character\Pandaren\FacialHair20_01.blp,,1,21,7
24638,20,0,2,,Character\Pandaren\FacialHair20_02.blp,,1,21,8
24639,20,0,2,,Character\Pandaren\FacialHair20_03.blp,,1,21,9
24640,20,0,2,,Character\Pandaren\FacialHair20_04.blp,,1,21,10
24641,20,0,2,,Character\Pandaren\FacialHair20_01.blp,,1,21,11
24642,20,0,2,,Character\Pandaren\FacialHair20_02.blp,,1,21,12
24643,20,0,2,,Character\Pandaren\FacialHair20_03.blp,,1,21,13
24644,20,0,2,,Character\Pandaren\FacialHair21_00.blp,,1,22,0
24645,20,0,2,,Character\Pandaren\FacialHair21_01.blp,,1,22,1
24646,20,0,2,,Character\Pandaren\FacialHair21_02.blp,,1,22,2
24647,20,0,2,,Character\Pandaren\FacialHair21_03.blp,,1,22,3
24648,20,0,2,,Character\Pandaren\FacialHair21_04.blp,,1,22,4
24649,20,0,2,,Character\Pandaren\FacialHair21_05.blp,,1,22,5
24650,20,0,2,,Character\Pandaren\FacialHair21_00.blp,,1,22,6
24651,20,0,2,,Character\Pandaren\FacialHair21_01.blp,,1,22,7
24652,20,0,2,,Character\Pandaren\FacialHair21_02.blp,,1,22,8
24653,20,0,2,,Character\Pandaren\FacialHair21_03.blp,,1,22,9
24654,20,0,2,,Character\Pandaren\FacialHair21_04.blp,,1,22,10
24655,20,0,2,,Character\Pandaren\FacialHair21_01.blp,,1,22,11
24656,20,0,2,,Character\Pandaren\FacialHair21_02.blp,,1,22,12
24657,20,0,2,,Character\Pandaren\FacialHair21_03.blp,,1,22,13
24658,20,0,2,,Character\Pandaren\FacialHair22_00.blp,,1,23,0
24659,20,0,2,,Character\Pandaren\FacialHair22_01.blp,,1,23,1
24660,20,0,2,,Character\Pandaren\FacialHair22_02.blp,,1,23,2
24661,20,0,2,,Character\Pandaren\FacialHair22_03.blp,,1,23,3
24662,20,0,2,,Character\Pandaren\FacialHair22_04.blp,,1,23,4
24663,20,0,2,,Character\Pandaren\FacialHair22_05.blp,,1,23,5
24664,20,0,2,,Character\Pandaren\FacialHair22_00.blp,,1,23,6
24665,20,0,2,,Character\Pandaren\FacialHair22_01.blp,,1,23,7
24666,20,0,2,,Character\Pandaren\FacialHair22_02.blp,,1,23,8
24667,20,0,2,,Character\Pandaren\FacialHair22_03.blp,,1,23,9
24668,20,0,2,,Character\Pandaren\FacialHair22_04.blp,,1,23,10
24669,20,0,2,,Character\Pandaren\FacialHair22_01.blp,,1,23,11
24670,20,0,2,,Character\Pandaren\FacialHair22_02.blp,,1,23,12
24671,20,0,2,,Character\Pandaren\FacialHair22_03.blp,,1,23,13
24672,20,0,2,,Character\Pandaren\FacialHair23_00.blp,,1,24,0
24673,20,0,2,,Character\Pandaren\FacialHair23_01.blp,,1,24,1
24674,20,0,2,,Character\Pandaren\FacialHair23_02.blp,,1,24,2
24675,20,0,2,,Character\Pandaren\FacialHair23_03.blp,,1,24,3
24676,20,0,2,,Character\Pandaren\FacialHair23_04.blp,,1,24,4
24677,20,0,2,,Character\Pandaren\FacialHair23_05.blp,,1,24,5
24678,20,0,2,,Character\Pandaren\FacialHair23_00.blp,,1,24,6
24679,20,0,2,,Character\Pandaren\FacialHair23_01.blp,,1,24,7
24680,20,0,2,,Character\Pandaren\FacialHair23_02.blp,,1,24,8
24681,20,0,2,,Character\Pandaren\FacialHair23_03.blp,,1,24,9
24682,20,0,2,,Character\Pandaren\FacialHair23_04.blp,,1,24,10
24683,20,0,2,,Character\Pandaren\FacialHair23_01.blp,,1,24,11
24684,20,0,2,,Character\Pandaren\FacialHair23_02.blp,,1,24,12
24685,20,0,2,,Character\Pandaren\FacialHair23_03.blp,,1,24,13
24686,20,0,2,,Character\Pandaren\FacialHair24_00.blp,,1,25,0
24687,20,0,2,,Character\Pandaren\FacialHair24_01.blp,,1,25,1
24688,20,0,2,,Character\Pandaren\FacialHair24_02.blp,,1,25,2
24689,20,0,2,,Character\Pandaren\FacialHair24_03.blp,,1,25,3
24690,20,0,2,,Character\Pandaren\FacialHair24_04.blp,,1,25,4
24691,20,0,2,,Character\Pandaren\FacialHair24_05.blp,,1,25,5
24692,20,0,2,,Character\Pandaren\FacialHair24_00.blp,,1,25,6
24693,20,0,2,,Character\Pandaren\FacialHair24_01.blp,,1,25,7
24694,20,0,2,,Character\Pandaren\FacialHair24_02.blp,,1,25,8
24695,20,0,2,,Character\Pandaren\FacialHair24_03.blp,,1,25,9
24696,20,0,2,,Character\Pandaren\FacialHair24_04.blp,,1,25,10
24697,20,0,2,,Character\Pandaren\FacialHair24_01.blp,,1,25,11
24698,20,0,2,,Character\Pandaren\FacialHair24_02.blp,,1,25,12
24699,20,0,2,,Character\Pandaren\FacialHair24_03.blp,,1,25,13
24700,20,0,2,,Character\Pandaren\FacialHair25_00.blp,,1,26,0
24701,20,0,2,,Character\Pandaren\FacialHair25_01.blp,,1,26,1
24702,20,0,2,,Character\Pandaren\FacialHair25_02.blp,,1,26,2
24703,20,0,2,,Character\Pandaren\FacialHair25_03.blp,,1,26,3
24704,20,0,2,,Character\Pandaren\FacialHair25_04.blp,,1,26,4
24705,20,0,2,,Character\Pandaren\FacialHair25_05.blp,,1,26,5
24706,20,0,2,,Character\Pandaren\FacialHair25_00.blp,,1,26,6
24707,20,0,2,,Character\Pandaren\FacialHair25_01.blp,,1,26,7
24708,20,0,2,,Character\Pandaren\FacialHair25_02.blp,,1,26,8
24709,20,0,2,,Character\Pandaren\FacialHair25_03.blp,,1,26,9
24710,20,0,2,,Character\Pandaren\FacialHair25_04.blp,,1,26,10
24711,20,0,2,,Character\Pandaren\FacialHair25_01.blp,,1,26,11
24712,20,0,2,,Character\Pandaren\FacialHair25_02.blp,,1,26,12
24713,20,0,2,,Character\Pandaren\FacialHair25_03.blp,,1,26,13
24714,20,0,2,,Character\Pandaren\FacialHair26_00.blp,,1,27,0
24715,20,0,2,,Character\Pandaren\FacialHair26_01.blp,,1,27,1
24716,20,0,2,,Character\Pandaren\FacialHair26_02.blp,,1,27,2
24717,20,0,2,,Character\Pandaren\FacialHair26_03.blp,,1,27,3
24718,20,0,2,,Character\Pandaren\FacialHair26_04.blp,,1,27,4
24719,20,0,2,,Character\Pandaren\FacialHair26_05.blp,,1,27,5
24720,20,0,2,,Character\Pandaren\FacialHair26_00.blp,,1,27,6
24721,20,0,2,,Character\Pandaren\FacialHair26_01.blp,,1,27,7
24722,20,0,2,,Character\Pandaren\FacialHair26_02.blp,,1,27,8
24723,20,0,2,,Character\Pandaren\FacialHair26_03.blp,,1,27,9
24724,20,0,2,,Character\Pandaren\FacialHair26_04.blp,,1,27,10
24725,20,0,2,,Character\Pandaren\FacialHair26_01.blp,,1,27,11
24726,20,0,2,,Character\Pandaren\FacialHair26_02.blp,,1,27,12
24727,20,0,2,,Character\Pandaren\FacialHair26_03.blp,,1,27,13
24728,20,0,2,,Character\Pandaren\FacialHair27_00.blp,,1,28,0
24729,20,0,2,,Character\Pandaren\FacialHair27_01.blp,,1,28,1
24730,20,0,2,,Character\Pandaren\FacialHair27_02.blp,,1,28,2
24731,20,0,2,,Character\Pandaren\FacialHair27_03.blp,,1,28,3
24732,20,0,2,,Character\Pandaren\FacialHair27_04.blp,,1,28,4
24733,20,0,2,,Character\Pandaren\FacialHair27_05.blp,,1,28,5
24734,20,0,2,,Character\Pandaren\FacialHair27_00.blp,,1,28,6
24735,20,0,2,,Character\Pandaren\FacialHair27_01.blp,,1,28,7
24736,20,0,2,,Character\Pandaren\FacialHair27_02.blp,,1,28,8
24737,20,0,2,,Character\Pandaren\FacialHair27_03.blp,,1,28,9
24738,20,0,2,,Character\Pandaren\FacialHair27_04.blp,,1,28,10
24739,20,0,2,,Character\Pandaren\FacialHair27_01.blp,,1,28,11
24740,20,0,2,,Character\Pandaren\FacialHair27_02.blp,,1,28,12
24741,20,0,2,,Character\Pandaren\FacialHair27_03.blp,,1,28,13
24742,20,0,2,,Character\Pandaren\FacialHair28_00.blp,,1,29,0
24743,20,0,2,,Character\Pandaren\FacialHair28_01.blp,,1,29,1
24744,20,0,2,,Character\Pandaren\FacialHair28_02.blp,,1,29,2
24745,20,0,2,,Character\Pandaren\FacialHair28_03.blp,,1,29,3
24746,20,0,2,,Character\Pandaren\FacialHair28_04.blp,,1,29,4
24747,20,0,2,,Character\Pandaren\FacialHair28_05.blp,,1,29,5
24748,20,0,2,,Character\Pandaren\FacialHair28_00.blp,,1,29,6
24749,20,0,2,,Character\Pandaren\FacialHair28_01.blp,,1,29,7
24750,20,0,2,,Character\Pandaren\FacialHair28_02.blp,,1,29,8
24751,20,0,2,,Character\Pandaren\FacialHair28_03.blp,,1,29,9
24752,20,0,2,,Character\Pandaren\FacialHair28_04.blp,,1,29,10
24753,20,0,2,,Character\Pandaren\FacialHair28_01.blp,,1,29,11
24754,20,0,2,,Character\Pandaren\FacialHair28_02.blp,,1,29,12
24755,20,0,2,,Character\Pandaren\FacialHair28_03.blp,,1,29,13
24756,20,0,2,,Character\Pandaren\FacialHair29_00.blp,,1,30,0
24757,20,0,2,,Character\Pandaren\FacialHair29_01.blp,,1,30,1
24758,20,0,2,,Character\Pandaren\FacialHair29_02.blp,,1,30,2
24759,20,0,2,,Character\Pandaren\FacialHair29_03.blp,,1,30,3
24760,20,0,2,,Character\Pandaren\FacialHair29_04.blp,,1,30,4
24761,20,0,2,,Character\Pandaren\FacialHair29_05.blp,,1,30,5
24762,20,0,2,,Character\Pandaren\FacialHair29_00.blp,,1,30,6
24763,20,0,2,,Character\Pandaren\FacialHair29_01.blp,,1,30,7
24764,20,0,2,,Character\Pandaren\FacialHair29_02.blp,,1,30,8
24765,20,0,2,,Character\Pandaren\FacialHair29_03.blp,,1,30,9
24766,20,0,2,,Character\Pandaren\FacialHair29_04.blp,,1,30,10
24767,20,0,2,,Character\Pandaren\FacialHair29_01.blp,,1,30,11
24768,20,0,2,,Character\Pandaren\FacialHair29_02.blp,,1,30,12
24769,20,0,2,,Character\Pandaren\FacialHair29_03.blp,,1,30,13
24770,20,0,3,Character\Pandaren\Male\PandaMaleSkinExtra00_00.blp,,,1,0,0
24771,20,0,3,Character\Pandaren\Male\PandaMaleSkinExtra00_01.blp,,,1,0,1
24772,20,0,3,Character\Pandaren\Male\PandaMaleSkinExtra00_02.blp,,,1,0,2
24773,20,0,3,Character\Pandaren\Male\PandaMaleSkinExtra00_03.blp,,,1,0,3
24774,20,0,3,Character\Pandaren\Male\PandaMaleSkinExtra00_04.blp,,,1,0,4
24775,20,0,3,Character\Pandaren\Male\PandaMaleSkinExtra00_05.blp,,,1,0,5
24776,20,0,3,Character\Pandaren\Male\PandaMaleSkinExtra00_00.blp,,,1,0,6
24777,20,0,3,Character\Pandaren\Male\PandaMaleSkinExtra00_01.blp,,,1,0,7
24778,20,0,3,Character\Pandaren\Male\PandaMaleSkinExtra00_02.blp,,,1,0,8
24779,20,0,3,Character\Pandaren\Male\PandaMaleSkinExtra00_03.blp,,,1,0,9
24780,20,0,3,Character\Pandaren\Male\PandaMaleSkinExtra00_04.blp,,,1,0,10
24781,20,0,3,Character\Pandaren\Male\PandaMaleSkinExtra00_01.blp,,,1,0,11
24782,20,0,3,Character\Pandaren\Male\PandaMaleSkinExtra00_02.blp,,,1,0,12
24783,20,0,3,Character\Pandaren\Male\PandaMaleSkinExtra00_03.blp,,,1,0,13
24784,20,0,3,Character\Pandaren\Male\PandaMaleSkinExtra00_00.blp,,Character\Pandaren\ScalpHair00_00.blp,1,1,0
24785,20,0,3,Character\Pandaren\Male\PandaMaleSkinExtra00_01.blp,,Character\Pandaren\ScalpHair00_01.blp,1,1,1
24786,20,0,3,Character\Pandaren\Male\PandaMaleSkinExtra00_02.blp,,Character\Pandaren\ScalpHair00_02.blp,1,1,2
24787,20,0,3,Character\Pandaren\Male\PandaMaleSkinExtra00_03.blp,,Character\Pandaren\ScalpHair00_03.blp,1,1,3
24788,20,0,3,Character\Pandaren\Male\PandaMaleSkinExtra00_04.blp,,Character\Pandaren\ScalpHair00_04.blp,1,1,4
24789,20,0,3,Character\Pandaren\Male\PandaMaleSkinExtra00_05.blp,,Character\Pandaren\ScalpHair00_05.blp,1,1,5
24790,20,0,3,Character\Pandaren\Male\PandaMaleSkinExtra00_00.blp,,Character\Pandaren\ScalpHair00_00.blp,1,1,6
24791,20,0,3,Character\Pandaren\Male\PandaMaleSkinExtra00_01.blp,,Character\Pandaren\ScalpHair00_01.blp,1,1,7
24792,20,0,3,Character\Pandaren\Male\PandaMaleSkinExtra00_02.blp,,Character\Pandaren\ScalpHair00_02.blp,1,1,8
24793,20,0,3,Character\Pandaren\Male\PandaMaleSkinExtra00_03.blp,,Character\Pandaren\ScalpHair00_03.blp,1,1,9
24794,20,0,3,Character\Pandaren\Male\PandaMaleSkinExtra00_04.blp,,Character\Pandaren\ScalpHair00_04.blp,1,1,10
24795,20,0,3,Character\Pandaren\Male\PandaMaleSkinExtra00_01.blp,,Character\Pandaren\ScalpHair00_01.blp,1,1,11
24796,20,0,3,Character\Pandaren\Male\PandaMaleSkinExtra00_02.blp,,Character\Pandaren\ScalpHair00_02.blp,1,1,12
24797,20,0,3,Character\Pandaren\Male\PandaMaleSkinExtra00_03.blp,,Character\Pandaren\ScalpHair00_03.blp,1,1,13
24798,20,0,3,Character\Pandaren\Male\PandaMaleSkinExtra00_00.blp,,Character\Pandaren\ScalpHair01_00.blp,1,2,0
24799,20,0,3,Character\Pandaren\Male\PandaMaleSkinExtra00_01.blp,,Character\Pandaren\ScalpHair01_01.blp,1,2,1
24800,20,0,3,Character\Pandaren\Male\PandaMaleSkinExtra00_02.blp,,Character\Pandaren\ScalpHair01_02.blp,1,2,2
24801,20,0,3,Character\Pandaren\Male\PandaMaleSkinExtra00_03.blp,,Character\Pandaren\ScalpHair01_03.blp,1,2,3
24802,20,0,3,Character\Pandaren\Male\PandaMaleSkinExtra00_04.blp,,Character\Pandaren\ScalpHair01_04.blp,1,2,4
24803,20,0,3,Character\Pandaren\Male\PandaMaleSkinExtra00_05.blp,,Character\Pandaren\ScalpHair01_05.blp,1,2,5
24804,20,0,3,Character\Pandaren\Male\PandaMaleSkinExtra00_00.blp,,Character\Pandaren\ScalpHair01_00.blp,1,2,6
24805,20,0,3,Character\Pandaren\Male\PandaMaleSkinExtra00_01.blp,,Character\Pandaren\ScalpHair01_01.blp,1,2,7
24806,20,0,3,Character\Pandaren\Male\PandaMaleSkinExtra00_02.blp,,Character\Pandaren\ScalpHair01_02.blp,1,2,8
24807,20,0,3,Character\Pandaren\Male\PandaMaleSkinExtra00_03.blp,,Character\Pandaren\ScalpHair01_03.blp,1,2,9
24808,20,0,3,Character\Pandaren\Male\PandaMaleSkinExtra00_04.blp,,Character\Pandaren\ScalpHair01_04.blp,1,2,10
24809,20,0,3,Character\Pandaren\Male\PandaMaleSkinExtra00_01.blp,,Character\Pandaren\ScalpHair01_01.blp,1,2,11
24810,20,0,3,Character\Pandaren\Male\PandaMaleSkinExtra00_02.blp,,Character\Pandaren\ScalpHair01_02.blp,1,2,12
24811,20,0,3,Character\Pandaren\Male\PandaMaleSkinExtra00_03.blp,,Character\Pandaren\ScalpHair01_03.blp,1,2,13
24812,20,0,3,Character\Pandaren\Male\PandaMaleSkinExtra00_00.blp,,Character\Pandaren\ScalpHair02_00.blp,1,3,0
24813,20,0,3,Character\Pandaren\Male\PandaMaleSkinExtra00_01.blp,,Character\Pandaren\ScalpHair02_01.blp,1,3,1
24814,20,0,3,Character\Pandaren\Male\PandaMaleSkinExtra00_02.blp,,Character\Pandaren\ScalpHair02_02.blp,1,3,2
24815,20,0,3,Character\Pandaren\Male\PandaMaleSkinExtra00_03.blp,,Character\Pandaren\ScalpHair02_03.blp,1,3,3
24816,20,0,3,Character\Pandaren\Male\PandaMaleSkinExtra00_04.blp,,Character\Pandaren\ScalpHair02_04.blp,1,3,4
24817,20,0,3,Character\Pandaren\Male\PandaMaleSkinExtra00_05.blp,,Character\Pandaren\ScalpHair02_05.blp,1,3,5
24818,20,0,3,Character\Pandaren\Male\PandaMaleSkinExtra00_00.blp,,Character\Pandaren\ScalpHair02_00.blp,1,3,6
24819,20,0,3,Character\Pandaren\Male\PandaMaleSkinExtra00_01.blp,,Character\Pandaren\ScalpHair02_01.blp,1,3,7
24820,20,0,3,Character\Pandaren\Male\PandaMaleSkinExtra00_02.blp,,Character\Pandaren\ScalpHair02_02.blp,1,3,8
24821,20,0,3,Character\Pandaren\Male\PandaMaleSkinExtra00_03.blp,,Character\Pandaren\ScalpHair02_03.blp,1,3,9
24822,20,0,3,Character\Pandaren\Male\PandaMaleSkinExtra00_04.blp,,Character\Pandaren\ScalpHair02_04.blp,1,3,10
24823,20,0,3,Character\Pandaren\Male\PandaMaleSkinExtra00_01.blp,,Character\Pandaren\ScalpHair02_01.blp,1,3,11
24824,20,0,3,Character\Pandaren\Male\PandaMaleSkinExtra00_02.blp,,Character\Pandaren\ScalpHair02_02.blp,1,3,12
24825,20,0,3,Character\Pandaren\Male\PandaMaleSkinExtra00_03.blp,,Character\Pandaren\ScalpHair02_03.blp,1,3,13
24826,20,0,3,Character\Pandaren\Male\PandaMaleSkinExtra00_00.blp,,Character\Pandaren\ScalpHair05_00.blp,1,4,0
24827,20,0,3,Character\Pandaren\Male\PandaMaleSkinExtra00_01.blp,,Character\Pandaren\ScalpHair05_01.blp,1,4,1
24828,20,0,3,Character\Pandaren\Male\PandaMaleSkinExtra00_02.blp,,Character\Pandaren\ScalpHair05_02.blp,1,4,2
24829,20,0,3,Character\Pandaren\Male\PandaMaleSkinExtra00_03.blp,,Character\Pandaren\ScalpHair05_03.blp,1,4,3
24830,20,0,3,Character\Pandaren\Male\PandaMaleSkinExtra00_04.blp,,Character\Pandaren\ScalpHair05_04.blp,1,4,4
24831,20,0,3,Character\Pandaren\Male\PandaMaleSkinExtra00_05.blp,,Character\Pandaren\ScalpHair05_05.blp,1,4,5
24832,20,0,3,Character\Pandaren\Male\PandaMaleSkinExtra00_00.blp,,Character\Pandaren\ScalpHair05_00.blp,1,4,6
24833,20,0,3,Character\Pandaren\Male\PandaMaleSkinExtra00_01.blp,,Character\Pandaren\ScalpHair05_01.blp,1,4,7
24834,20,0,3,Character\Pandaren\Male\PandaMaleSkinExtra00_02.blp,,Character\Pandaren\ScalpHair05_02.blp,1,4,8
24835,20,0,3,Character\Pandaren\Male\PandaMaleSkinExtra00_03.blp,,Character\Pandaren\ScalpHair05_03.blp,1,4,9
24836,20,0,3,Character\Pandaren\Male\PandaMaleSkinExtra00_04.blp,,Character\Pandaren\ScalpHair05_04.blp,1,4,10
24837,20,0,3,Character\Pandaren\Male\PandaMaleSkinExtra00_01.blp,,Character\Pandaren\ScalpHair05_01.blp,1,4,11
24838,20,0,3,Character\Pandaren\Male\PandaMaleSkinExtra00_02.blp,,Character\Pandaren\ScalpHair05_02.blp,1,4,12
24839,20,0,3,Character\Pandaren\Male\PandaMaleSkinExtra00_03.blp,,Character\Pandaren\ScalpHair05_03.blp,1,4,13
24840,20,0,3,Character\Pandaren\Male\PandaMaleSkinExtra00_00.blp,,Character\Pandaren\ScalpHair02_00.blp,1,5,0
24841,20,0,3,Character\Pandaren\Male\PandaMaleSkinExtra00_01.blp,,Character\Pandaren\ScalpHair02_01.blp,1,5,1
24842,20,0,3,Character\Pandaren\Male\PandaMaleSkinExtra00_02.blp,,Character\Pandaren\ScalpHair02_02.blp,1,5,2
24843,20,0,3,Character\Pandaren\Male\PandaMaleSkinExtra00_03.blp,,Character\Pandaren\ScalpHair02_03.blp,1,5,3
24844,20,0,3,Character\Pandaren\Male\PandaMaleSkinExtra00_04.blp,,Character\Pandaren\ScalpHair02_04.blp,1,5,4
24845,20,0,3,Character\Pandaren\Male\PandaMaleSkinExtra00_05.blp,,Character\Pandaren\ScalpHair02_05.blp,1,5,5
24846,20,0,3,Character\Pandaren\Male\PandaMaleSkinExtra00_00.blp,,Character\Pandaren\ScalpHair02_00.blp,1,5,6
24847,20,0,3,Character\Pandaren\Male\PandaMaleSkinExtra00_01.blp,,Character\Pandaren\ScalpHair02_01.blp,1,5,7
24848,20,0,3,Character\Pandaren\Male\PandaMaleSkinExtra00_02.blp,,Character\Pandaren\ScalpHair02_02.blp,1,5,8
24849,20,0,3,Character\Pandaren\Male\PandaMaleSkinExtra00_03.blp,,Character\Pandaren\ScalpHair02_03.blp,1,5,9
24850,20,0,3,Character\Pandaren\Male\PandaMaleSkinExtra00_04.blp,,Character\Pandaren\ScalpHair02_04.blp,1,5,10
24851,20,0,3,Character\Pandaren\Male\PandaMaleSkinExtra00_01.blp,,Character\Pandaren\ScalpHair02_01.blp,1,5,11
24852,20,0,3,Character\Pandaren\Male\PandaMaleSkinExtra00_02.blp,,Character\Pandaren\ScalpHair02_02.blp,1,5,12
24853,20,0,3,Character\Pandaren\Male\PandaMaleSkinExtra00_03.blp,,Character\Pandaren\ScalpHair02_03.blp,1,5,13
24854,20,0,3,Character\Pandaren\Male\PandaMaleSkinExtra00_00.blp,,Character\Pandaren\ScalpHair05_00.blp,1,6,0
24855,20,0,3,Character\Pandaren\Male\PandaMaleSkinExtra00_01.blp,,Character\Pandaren\ScalpHair05_01.blp,1,6,1
24856,20,0,3,Character\Pandaren\Male\PandaMaleSkinExtra00_02.blp,,Character\Pandaren\ScalpHair05_02.blp,1,6,2
24857,20,0,3,Character\Pandaren\Male\PandaMaleSkinExtra00_03.blp,,Character\Pandaren\ScalpHair05_03.blp,1,6,3
24858,20,0,3,Character\Pandaren\Male\PandaMaleSkinExtra00_04.blp,,Character\Pandaren\ScalpHair05_04.blp,1,6,4
24859,20,0,3,Character\Pandaren\Male\PandaMaleSkinExtra00_05.blp,,Character\Pandaren\ScalpHair05_05.blp,1,6,5
24860,20,0,3,Character\Pandaren\Male\PandaMaleSkinExtra00_00.blp,,Character\Pandaren\ScalpHair05_00.blp,1,6,6
24861,20,0,3,Character\Pandaren\Male\PandaMaleSkinExtra00_01.blp,,Character\Pandaren\ScalpHair05_01.blp,1,6,7
24862,20,0,3,Character\Pandaren\Male\PandaMaleSkinExtra00_02.blp,,Character\Pandaren\ScalpHair05_02.blp,1,6,8
24863,20,0,3,Character\Pandaren\Male\PandaMaleSkinExtra00_03.blp,,Character\Pandaren\ScalpHair05_03.blp,1,6,9
24864,20,0,3,Character\Pandaren\Male\PandaMaleSkinExtra00_04.blp,,Character\Pandaren\ScalpHair05_04.blp,1,6,10
24865,20,0,3,Character\Pandaren\Male\PandaMaleSkinExtra00_01.blp,,Character\Pandaren\ScalpHair05_01.blp,1,6,11
24866,20,0,3,Character\Pandaren\Male\PandaMaleSkinExtra00_02.blp,,Character\Pandaren\ScalpHair05_02.blp,1,6,12
24867,20,0,3,Character\Pandaren\Male\PandaMaleSkinExtra00_03.blp,,Character\Pandaren\ScalpHair05_03.blp,1,6,13
24868,20,0,3,Character\Pandaren\Male\PandaMaleSkinExtra00_00.blp,,Character\Pandaren\ScalpHair02_00.blp,1,7,0
24869,20,0,3,Character\Pandaren\Male\PandaMaleSkinExtra00_01.blp,,Character\Pandaren\ScalpHair02_01.blp,1,7,1
24870,20,0,3,Character\Pandaren\Male\PandaMaleSkinExtra00_02.blp,,Character\Pandaren\ScalpHair02_02.blp,1,7,2
24871,20,0,3,Character\Pandaren\Male\PandaMaleSkinExtra00_03.blp,,Character\Pandaren\ScalpHair02_03.blp,1,7,3
24872,20,0,3,Character\Pandaren\Male\PandaMaleSkinExtra00_04.blp,,Character\Pandaren\ScalpHair02_04.blp,1,7,4
24873,20,0,3,Character\Pandaren\Male\PandaMaleSkinExtra00_05.blp,,Character\Pandaren\ScalpHair02_05.blp,1,7,5
24874,20,0,3,Character\Pandaren\Male\PandaMaleSkinExtra00_00.blp,,Character\Pandaren\ScalpHair02_00.blp,1,7,6
24875,20,0,3,Character\Pandaren\Male\PandaMaleSkinExtra00_01.blp,,Character\Pandaren\ScalpHair02_01.blp,1,7,7
24876,20,0,3,Character\Pandaren\Male\PandaMaleSkinExtra00_02.blp,,Character\Pandaren\ScalpHair02_02.blp,1,7,8
24877,20,0,3,Character\Pandaren\Male\PandaMaleSkinExtra00_03.blp,,Character\Pandaren\ScalpHair02_03.blp,1,7,9
24878,20,0,3,Character\Pandaren\Male\PandaMaleSkinExtra00_04.blp,,Character\Pandaren\ScalpHair02_04.blp,1,7,10
24879,20,0,3,Character\Pandaren\Male\PandaMaleSkinExtra00_01.blp,,Character\Pandaren\ScalpHair02_01.blp,1,7,11
24880,20,0,3,Character\Pandaren\Male\PandaMaleSkinExtra00_02.blp,,Character\Pandaren\ScalpHair02_02.blp,1,7,12
24881,20,0,3,Character\Pandaren\Male\PandaMaleSkinExtra00_03.blp,,Character\Pandaren\ScalpHair02_03.blp,1,7,13
24882,20,0,3,Character\Pandaren\Male\PandaMaleSkinExtra00_00.blp,,Character\Pandaren\ScalpHair05_00.blp,1,8,0
24883,20,0,3,Character\Pandaren\Male\PandaMaleSkinExtra00_01.blp,,Character\Pandaren\ScalpHair05_01.blp,1,8,1
24884,20,0,3,Character\Pandaren\Male\PandaMaleSkinExtra00_02.blp,,Character\Pandaren\ScalpHair05_02.blp,1,8,2
24885,20,0,3,Character\Pandaren\Male\PandaMaleSkinExtra00_03.blp,,Character\Pandaren\ScalpHair05_03.blp,1,8,3
24886,20,0,3,Character\Pandaren\Male\PandaMaleSkinExtra00_04.blp,,Character\Pandaren\ScalpHair05_04.blp,1,8,4
24887,20,0,3,Character\Pandaren\Male\PandaMaleSkinExtra00_05.blp,,Character\Pandaren\ScalpHair05_05.blp,1,8,5
24888,20,0,3,Character\Pandaren\Male\PandaMaleSkinExtra00_00.blp,,Character\Pandaren\ScalpHair05_00.blp,1,8,6
24889,20,0,3,Character\Pandaren\Male\PandaMaleSkinExtra00_01.blp,,Character\Pandaren\ScalpHair05_01.blp,1,8,7
24890,20,0,3,Character\Pandaren\Male\PandaMaleSkinExtra00_02.blp,,Character\Pandaren\ScalpHair05_02.blp,1,8,8
24891,20,0,3,Character\Pandaren\Male\PandaMaleSkinExtra00_03.blp,,Character\Pandaren\ScalpHair05_03.blp,1,8,9
24892,20,0,3,Character\Pandaren\Male\PandaMaleSkinExtra00_04.blp,,Character\Pandaren\ScalpHair05_04.blp,1,8,10
24893,20,0,3,Character\Pandaren\Male\PandaMaleSkinExtra00_01.blp,,Character\Pandaren\ScalpHair05_01.blp,1,8,11
24894,20,0,3,Character\Pandaren\Male\PandaMaleSkinExtra00_02.blp,,Character\Pandaren\ScalpHair05_02.blp,1,8,12
24895,20,0,3,Character\Pandaren\Male\PandaMaleSkinExtra00_03.blp,,Character\Pandaren\ScalpHair05_03.blp,1,8,13
24896,20,0,3,Character\Pandaren\Male\PandaMaleSkinExtra00_00.blp,,Character\Pandaren\ScalpHair02_00.blp,1,9,0
24897,20,0,3,Character\Pandaren\Male\PandaMaleSkinExtra00_01.blp,,Character\Pandaren\ScalpHair02_01.blp,1,9,1
24898,20,0,3,Character\Pandaren\Male\PandaMaleSkinExtra00_02.blp,,Character\Pandaren\ScalpHair02_02.blp,1,9,2
24899,20,0,3,Character\Pandaren\Male\PandaMaleSkinExtra00_03.blp,,Character\Pandaren\ScalpHair02_03.blp,1,9,3
24900,20,0,3,Character\Pandaren\Male\PandaMaleSkinExtra00_04.blp,,Character\Pandaren\ScalpHair02_04.blp,1,9,4
24901,20,0,3,Character\Pandaren\Male\PandaMaleSkinExtra00_05.blp,,Character\Pandaren\ScalpHair02_05.blp,1,9,5
24902,20,0,3,Character\Pandaren\Male\PandaMaleSkinExtra00_00.blp,,Character\Pandaren\ScalpHair02_00.blp,1,9,6
24903,20,0,3,Character\Pandaren\Male\PandaMaleSkinExtra00_01.blp,,Character\Pandaren\ScalpHair02_01.blp,1,9,7
24904,20,0,3,Character\Pandaren\Male\PandaMaleSkinExtra00_02.blp,,Character\Pandaren\ScalpHair02_02.blp,1,9,8
24905,20,0,3,Character\Pandaren\Male\PandaMaleSkinExtra00_03.blp,,Character\Pandaren\ScalpHair02_03.blp,1,9,9
24906,20,0,3,Character\Pandaren\Male\PandaMaleSkinExtra00_04.blp,,Character\Pandaren\ScalpHair02_04.blp,1,9,10
24907,20,0,3,Character\Pandaren\Male\PandaMaleSkinExtra00_01.blp,,Character\Pandaren\ScalpHair02_01.blp,1,9,11
24908,20,0,3,Character\Pandaren\Male\PandaMaleSkinExtra00_02.blp,,Character\Pandaren\ScalpHair02_02.blp,1,9,12
24909,20,0,3,Character\Pandaren\Male\PandaMaleSkinExtra00_03.blp,,Character\Pandaren\ScalpHair02_03.blp,1,9,13
24910,20,0,3,Character\Pandaren\Male\PandaMaleSkinExtra00_00.blp,,Character\Pandaren\ScalpHair05_00.blp,1,10,0
24911,20,0,3,Character\Pandaren\Male\PandaMaleSkinExtra00_01.blp,,Character\Pandaren\ScalpHair05_01.blp,1,10,1
24912,20,0,3,Character\Pandaren\Male\PandaMaleSkinExtra00_02.blp,,Character\Pandaren\ScalpHair05_02.blp,1,10,2
24913,20,0,3,Character\Pandaren\Male\PandaMaleSkinExtra00_03.blp,,Character\Pandaren\ScalpHair05_03.blp,1,10,3
24914,20,0,3,Character\Pandaren\Male\PandaMaleSkinExtra00_04.blp,,Character\Pandaren\ScalpHair05_04.blp,1,10,4
24915,20,0,3,Character\Pandaren\Male\PandaMaleSkinExtra00_05.blp,,Character\Pandaren\ScalpHair05_05.blp,1,10,5
24916,20,0,3,Character\Pandaren\Male\PandaMaleSkinExtra00_00.blp,,Character\Pandaren\ScalpHair05_00.blp,1,10,6
24917,20,0,3,Character\Pandaren\Male\PandaMaleSkinExtra00_01.blp,,Character\Pandaren\ScalpHair05_01.blp,1,10,7
24918,20,0,3,Character\Pandaren\Male\PandaMaleSkinExtra00_02.blp,,Character\Pandaren\ScalpHair05_02.blp,1,10,8
24919,20,0,3,Character\Pandaren\Male\PandaMaleSkinExtra00_03.blp,,Character\Pandaren\ScalpHair05_03.blp,1,10,9
24920,20,0,3,Character\Pandaren\Male\PandaMaleSkinExtra00_04.blp,,Character\Pandaren\ScalpHair05_04.blp,1,10,10
24921,20,0,3,Character\Pandaren\Male\PandaMaleSkinExtra00_01.blp,,Character\Pandaren\ScalpHair05_01.blp,1,10,11
24922,20,0,3,Character\Pandaren\Male\PandaMaleSkinExtra00_02.blp,,Character\Pandaren\ScalpHair05_02.blp,1,10,12
24923,20,0,3,Character\Pandaren\Male\PandaMaleSkinExtra00_03.blp,,Character\Pandaren\ScalpHair05_03.blp,1,10,13
24924,20,0,3,Character\Pandaren\Male\PandaMaleSkinExtra00_00.blp,,Character\Pandaren\ScalpHair01_00.blp,1,11,0
24925,20,0,3,Character\Pandaren\Male\PandaMaleSkinExtra00_01.blp,,Character\Pandaren\ScalpHair01_01.blp,1,11,1
24926,20,0,3,Character\Pandaren\Male\PandaMaleSkinExtra00_02.blp,,Character\Pandaren\ScalpHair01_02.blp,1,11,2
24927,20,0,3,Character\Pandaren\Male\PandaMaleSkinExtra00_03.blp,,Character\Pandaren\ScalpHair01_03.blp,1,11,3
24928,20,0,3,Character\Pandaren\Male\PandaMaleSkinExtra00_04.blp,,Character\Pandaren\ScalpHair01_04.blp,1,11,4
24929,20,0,3,Character\Pandaren\Male\PandaMaleSkinExtra00_05.blp,,Character\Pandaren\ScalpHair01_05.blp,1,11,5
24930,20,0,3,Character\Pandaren\Male\PandaMaleSkinExtra00_00.blp,,Character\Pandaren\ScalpHair01_00.blp,1,11,6
24931,20,0,3,Character\Pandaren\Male\PandaMaleSkinExtra00_01.blp,,Character\Pandaren\ScalpHair01_01.blp,1,11,7
24932,20,0,3,Character\Pandaren\Male\PandaMaleSkinExtra00_02.blp,,Character\Pandaren\ScalpHair01_02.blp,1,11,8
24933,20,0,3,Character\Pandaren\Male\PandaMaleSkinExtra00_03.blp,,Character\Pandaren\ScalpHair01_03.blp,1,11,9
24934,20,0,3,Character\Pandaren\Male\PandaMaleSkinExtra00_04.blp,,Character\Pandaren\ScalpHair01_04.blp,1,11,10
24935,20,0,3,Character\Pandaren\Male\PandaMaleSkinExtra00_01.blp,,Character\Pandaren\ScalpHair01_01.blp,1,11,11
24936,20,0,3,Character\Pandaren\Male\PandaMaleSkinExtra00_02.blp,,Character\Pandaren\ScalpHair01_02.blp,1,11,12
24937,20,0,3,Character\Pandaren\Male\PandaMaleSkinExtra00_03.blp,,Character\Pandaren\ScalpHair01_03.blp,1,11,13
24938,20,0,3,Character\Pandaren\Male\PandaMaleSkinExtra00_00.blp,,Character\Pandaren\ScalpHair05_00.blp,1,12,0
24939,20,0,3,Character\Pandaren\Male\PandaMaleSkinExtra00_01.blp,,Character\Pandaren\ScalpHair05_01.blp,1,12,1
24940,20,0,3,Character\Pandaren\Male\PandaMaleSkinExtra00_02.blp,,Character\Pandaren\ScalpHair05_02.blp,1,12,2
24941,20,0,3,Character\Pandaren\Male\PandaMaleSkinExtra00_03.blp,,Character\Pandaren\ScalpHair05_03.blp,1,12,3
24942,20,0,3,Character\Pandaren\Male\PandaMaleSkinExtra00_04.blp,,Character\Pandaren\ScalpHair05_04.blp,1,12,4
24943,20,0,3,Character\Pandaren\Male\PandaMaleSkinExtra00_05.blp,,Character\Pandaren\ScalpHair05_05.blp,1,12,5
24944,20,0,3,Character\Pandaren\Male\PandaMaleSkinExtra00_00.blp,,Character\Pandaren\ScalpHair05_00.blp,1,12,6
24945,20,0,3,Character\Pandaren\Male\PandaMaleSkinExtra00_01.blp,,Character\Pandaren\ScalpHair05_01.blp,1,12,7
24946,20,0,3,Character\Pandaren\Male\PandaMaleSkinExtra00_02.blp,,Character\Pandaren\ScalpHair05_02.blp,1,12,8
24947,20,0,3,Character\Pandaren\Male\PandaMaleSkinExtra00_03.blp,,Character\Pandaren\ScalpHair05_03.blp,1,12,9
24948,20,0,3,Character\Pandaren\Male\PandaMaleSkinExtra00_04.blp,,Character\Pandaren\ScalpHair05_04.blp,1,12,10
24949,20,0,3,Character\Pandaren\Male\PandaMaleSkinExtra00_01.blp,,Character\Pandaren\ScalpHair05_01.blp,1,12,11
24950,20,0,3,Character\Pandaren\Male\PandaMaleSkinExtra00_02.blp,,Character\Pandaren\ScalpHair05_02.blp,1,12,12
24951,20,0,3,Character\Pandaren\Male\PandaMaleSkinExtra00_03.blp,,Character\Pandaren\ScalpHair05_03.blp,1,12,13
24952,20,0,3,Character\Pandaren\Male\PandaMaleSkinExtra00_00.blp,,Character\Pandaren\ScalpHair02_00.blp,1,13,0
24953,20,0,3,Character\Pandaren\Male\PandaMaleSkinExtra00_01.blp,,Character\Pandaren\ScalpHair02_01.blp,1,13,1
24954,20,0,3,Character\Pandaren\Male\PandaMaleSkinExtra00_02.blp,,Character\Pandaren\ScalpHair02_02.blp,1,13,2
24955,20,0,3,Character\Pandaren\Male\PandaMaleSkinExtra00_03.blp,,Character\Pandaren\ScalpHair02_03.blp,1,13,3
24956,20,0,3,Character\Pandaren\Male\PandaMaleSkinExtra00_04.blp,,Character\Pandaren\ScalpHair02_04.blp,1,13,4
24957,20,0,3,Character\Pandaren\Male\PandaMaleSkinExtra00_05.blp,,Character\Pandaren\ScalpHair02_05.blp,1,13,5
24958,20,0,3,Character\Pandaren\Male\PandaMaleSkinExtra00_00.blp,,Character\Pandaren\ScalpHair02_00.blp,1,13,6
24959,20,0,3,Character\Pandaren\Male\PandaMaleSkinExtra00_01.blp,,Character\Pandaren\ScalpHair02_01.blp,1,13,7
24960,20,0,3,Character\Pandaren\Male\PandaMaleSkinExtra00_02.blp,,Character\Pandaren\ScalpHair02_02.blp,1,13,8
24961,20,0,3,Character\Pandaren\Male\PandaMaleSkinExtra00_03.blp,,Character\Pandaren\ScalpHair02_03.blp,1,13,9
24962,20,0,3,Character\Pandaren\Male\PandaMaleSkinExtra00_04.blp,,Character\Pandaren\ScalpHair02_04.blp,1,13,10
24963,20,0,3,Character\Pandaren\Male\PandaMaleSkinExtra00_01.blp,,Character\Pandaren\ScalpHair02_01.blp,1,13,11
24964,20,0,3,Character\Pandaren\Male\PandaMaleSkinExtra00_02.blp,,Character\Pandaren\ScalpHair02_02.blp,1,13,12
24965,20,0,3,Character\Pandaren\Male\PandaMaleSkinExtra00_03.blp,,Character\Pandaren\ScalpHair02_03.blp,1,13,13
24966,20,0,3,Character\Pandaren\Male\PandaMaleSkinExtra00_00.blp,,Character\Pandaren\ScalpHair03_00.blp,1,14,0
24967,20,0,3,Character\Pandaren\Male\PandaMaleSkinExtra00_01.blp,,Character\Pandaren\ScalpHair03_01.blp,1,14,1
24968,20,0,3,Character\Pandaren\Male\PandaMaleSkinExtra00_02.blp,,Character\Pandaren\ScalpHair03_02.blp,1,14,2
24969,20,0,3,Character\Pandaren\Male\PandaMaleSkinExtra00_03.blp,,Character\Pandaren\ScalpHair03_03.blp,1,14,3
24970,20,0,3,Character\Pandaren\Male\PandaMaleSkinExtra00_04.blp,,Character\Pandaren\ScalpHair03_04.blp,1,14,4
24971,20,0,3,Character\Pandaren\Male\PandaMaleSkinExtra00_05.blp,,Character\Pandaren\ScalpHair03_05.blp,1,14,5
24972,20,0,3,Character\Pandaren\Male\PandaMaleSkinExtra00_00.blp,,Character\Pandaren\ScalpHair03_00.blp,1,14,6
24973,20,0,3,Character\Pandaren\Male\PandaMaleSkinExtra00_01.blp,,Character\Pandaren\ScalpHair03_01.blp,1,14,7
24974,20,0,3,Character\Pandaren\Male\PandaMaleSkinExtra00_02.blp,,Character\Pandaren\ScalpHair03_02.blp,1,14,8
24975,20,0,3,Character\Pandaren\Male\PandaMaleSkinExtra00_03.blp,,Character\Pandaren\ScalpHair03_03.blp,1,14,9
24976,20,0,3,Character\Pandaren\Male\PandaMaleSkinExtra00_04.blp,,Character\Pandaren\ScalpHair03_04.blp,1,14,10
24977,20,0,3,Character\Pandaren\Male\PandaMaleSkinExtra00_01.blp,,Character\Pandaren\ScalpHair03_01.blp,1,14,11
24978,20,0,3,Character\Pandaren\Male\PandaMaleSkinExtra00_02.blp,,Character\Pandaren\ScalpHair03_02.blp,1,14,12
24979,20,0,3,Character\Pandaren\Male\PandaMaleSkinExtra00_03.blp,,Character\Pandaren\ScalpHair03_03.blp,1,14,13
24980,20,0,3,Character\Pandaren\Male\PandaMaleSkinExtra00_00.blp,,Character\Pandaren\ScalpHair04_00.blp,1,15,0
24981,20,0,3,Character\Pandaren\Male\PandaMaleSkinExtra00_01.blp,,Character\Pandaren\ScalpHair04_01.blp,1,15,1
24982,20,0,3,Character\Pandaren\Male\PandaMaleSkinExtra00_02.blp,,Character\Pandaren\ScalpHair04_02.blp,1,15,2
24983,20,0,3,Character\Pandaren\Male\PandaMaleSkinExtra00_03.blp,,Character\Pandaren\ScalpHair04_03.blp,1,15,3
24984,20,0,3,Character\Pandaren\Male\PandaMaleSkinExtra00_04.blp,,Character\Pandaren\ScalpHair04_04.blp,1,15,4
24985,20,0,3,Character\Pandaren\Male\PandaMaleSkinExtra00_05.blp,,Character\Pandaren\ScalpHair04_05.blp,1,15,5
24986,20,0,3,Character\Pandaren\Male\PandaMaleSkinExtra00_00.blp,,Character\Pandaren\ScalpHair04_00.blp,1,15,6
24987,20,0,3,Character\Pandaren\Male\PandaMaleSkinExtra00_01.blp,,Character\Pandaren\ScalpHair04_01.blp,1,15,7
24988,20,0,3,Character\Pandaren\Male\PandaMaleSkinExtra00_02.blp,,Character\Pandaren\ScalpHair04_02.blp,1,15,8
24989,20,0,3,Character\Pandaren\Male\PandaMaleSkinExtra00_03.blp,,Character\Pandaren\ScalpHair04_03.blp,1,15,9
24990,20,0,3,Character\Pandaren\Male\PandaMaleSkinExtra00_04.blp,,Character\Pandaren\ScalpHair04_04.blp,1,15,10
24991,20,0,3,Character\Pandaren\Male\PandaMaleSkinExtra00_01.blp,,Character\Pandaren\ScalpHair04_01.blp,1,15,11
24992,20,0,3,Character\Pandaren\Male\PandaMaleSkinExtra00_02.blp,,Character\Pandaren\ScalpHair04_02.blp,1,15,12
24993,20,0,3,Character\Pandaren\Male\PandaMaleSkinExtra00_03.blp,,Character\Pandaren\ScalpHair04_03.blp,1,15,13
24994,20,0,3,Character\Pandaren\Male\PandaMaleSkinExtra00_00.blp,,Character\Pandaren\ScalpHair05_00.blp,1,16,0
24995,20,0,3,Character\Pandaren\Male\PandaMaleSkinExtra00_01.blp,,Character\Pandaren\ScalpHair05_01.blp,1,16,1
24996,20,0,3,Character\Pandaren\Male\PandaMaleSkinExtra00_02.blp,,Character\Pandaren\ScalpHair05_02.blp,1,16,2
24997,20,0,3,Character\Pandaren\Male\PandaMaleSkinExtra00_03.blp,,Character\Pandaren\ScalpHair05_03.blp,1,16,3
24998,20,0,3,Character\Pandaren\Male\PandaMaleSkinExtra00_04.blp,,Character\Pandaren\ScalpHair05_04.blp,1,16,4
24999,20,0,3,Character\Pandaren\Male\PandaMaleSkinExtra00_05.blp,,Character\Pandaren\ScalpHair05_05.blp,1,16,5
25000,20,0,3,Character\Pandaren\Male\PandaMaleSkinExtra00_00.blp,,Character\Pandaren\ScalpHair05_00.blp,1,16,6
25001,20,0,3,Character\Pandaren\Male\PandaMaleSkinExtra00_01.blp,,Character\Pandaren\ScalpHair05_01.blp,1,16,7
25002,20,0,3,Character\Pandaren\Male\PandaMaleSkinExtra00_02.blp,,Character\Pandaren\ScalpHair05_02.blp,1,16,8
25003,20,0,3,Character\Pandaren\Male\PandaMaleSkinExtra00_03.blp,,Character\Pandaren\ScalpHair05_03.blp,1,16,9
25004,20,0,3,Character\Pandaren\Male\PandaMaleSkinExtra00_04.blp,,Character\Pandaren\ScalpHair05_04.blp,1,16,10
25005,20,0,3,Character\Pandaren\Male\PandaMaleSkinExtra00_01.blp,,Character\Pandaren\ScalpHair05_01.blp,1,16,11
25006,20,0,3,Character\Pandaren\Male\PandaMaleSkinExtra00_02.blp,,Character\Pandaren\ScalpHair05_02.blp,1,16,12
25007,20,0,3,Character\Pandaren\Male\PandaMaleSkinExtra00_03.blp,,Character\Pandaren\ScalpHair05_03.blp,1,16,13
25008,20,0,3,Character\Pandaren\Male\PandaMaleSkinExtra00_00.blp,,Character\Pandaren\ScalpHair06_00.blp,1,17,0
25009,20,0,3,Character\Pandaren\Male\PandaMaleSkinExtra00_01.blp,,Character\Pandaren\ScalpHair06_01.blp,1,17,1
25010,20,0,3,Character\Pandaren\Male\PandaMaleSkinExtra00_02.blp,,Character\Pandaren\ScalpHair06_02.blp,1,17,2
25011,20,0,3,Character\Pandaren\Male\PandaMaleSkinExtra00_03.blp,,Character\Pandaren\ScalpHair06_03.blp,1,17,3
25012,20,0,3,Character\Pandaren\Male\PandaMaleSkinExtra00_04.blp,,Character\Pandaren\ScalpHair06_04.blp,1,17,4
25013,20,0,3,Character\Pandaren\Male\PandaMaleSkinExtra00_05.blp,,Character\Pandaren\ScalpHair06_05.blp,1,17,5
25014,20,0,3,Character\Pandaren\Male\PandaMaleSkinExtra00_00.blp,,Character\Pandaren\ScalpHair06_00.blp,1,17,6
25015,20,0,3,Character\Pandaren\Male\PandaMaleSkinExtra00_01.blp,,Character\Pandaren\ScalpHair06_01.blp,1,17,7
25016,20,0,3,Character\Pandaren\Male\PandaMaleSkinExtra00_02.blp,,Character\Pandaren\ScalpHair06_02.blp,1,17,8
25017,20,0,3,Character\Pandaren\Male\PandaMaleSkinExtra00_03.blp,,Character\Pandaren\ScalpHair06_03.blp,1,17,9
25018,20,0,3,Character\Pandaren\Male\PandaMaleSkinExtra00_04.blp,,Character\Pandaren\ScalpHair06_04.blp,1,17,10
25019,20,0,3,Character\Pandaren\Male\PandaMaleSkinExtra00_01.blp,,Character\Pandaren\ScalpHair06_01.blp,1,17,11
25020,20,0,3,Character\Pandaren\Male\PandaMaleSkinExtra00_02.blp,,Character\Pandaren\ScalpHair06_02.blp,1,17,12
25021,20,0,3,Character\Pandaren\Male\PandaMaleSkinExtra00_03.blp,,Character\Pandaren\ScalpHair06_03.blp,1,17,13
25022,20,0,3,Character\Pandaren\Male\PandaMaleSkinExtra00_00.blp,,Character\Pandaren\ScalpHair02_00.blp,17,18,0
25023,20,0,3,Character\Pandaren\Male\PandaMaleSkinExtra00_01.blp,,Character\Pandaren\ScalpHair02_01.blp,17,18,1
25024,20,0,3,Character\Pandaren\Male\PandaMaleSkinExtra00_02.blp,,Character\Pandaren\ScalpHair02_02.blp,17,18,2
25025,20,0,3,Character\Pandaren\Male\PandaMaleSkinExtra00_03.blp,,Character\Pandaren\ScalpHair02_03.blp,17,18,3
25026,20,0,3,Character\Pandaren\Male\PandaMaleSkinExtra00_04.blp,,Character\Pandaren\ScalpHair02_04.blp,17,18,4
25027,20,0,3,Character\Pandaren\Male\PandaMaleSkinExtra00_05.blp,,Character\Pandaren\ScalpHair02_05.blp,17,18,5
25028,20,0,3,Character\Pandaren\Male\PandaMaleSkinExtra00_00.blp,,Character\Pandaren\ScalpHair02_00.blp,17,18,6
25029,20,0,3,Character\Pandaren\Male\PandaMaleSkinExtra00_01.blp,,Character\Pandaren\ScalpHair02_01.blp,17,18,7
25030,20,0,3,Character\Pandaren\Male\PandaMaleSkinExtra00_02.blp,,Character\Pandaren\ScalpHair02_02.blp,17,18,8
25031,20,0,3,Character\Pandaren\Male\PandaMaleSkinExtra00_03.blp,,Character\Pandaren\ScalpHair02_03.blp,17,18,9
25032,20,0,3,Character\Pandaren\Male\PandaMaleSkinExtra00_04.blp,,Character\Pandaren\ScalpHair02_04.blp,17,18,10
25033,20,0,3,Character\Pandaren\Male\PandaMaleSkinExtra00_01.blp,,Character\Pandaren\ScalpHair02_01.blp,17,18,11
25034,20,0,3,Character\Pandaren\Male\PandaMaleSkinExtra00_02.blp,,Character\Pandaren\ScalpHair02_02.blp,17,18,12
25035,20,0,3,Character\Pandaren\Male\PandaMaleSkinExtra00_03.blp,,Character\Pandaren\ScalpHair02_03.blp,17,18,13
25036,20,0,4,Character\Pandaren\Male\PandaMaleNakedPelvisSkin00_00.blp,Character\Pandaren\Male\PandaMaleNakedTorsoSkin00_00.blp,,17,0,0
25037,20,0,4,Character\Pandaren\Male\PandaMaleNakedPelvisSkin00_01.blp,Character\Pandaren\Male\PandaMaleNakedTorsoSkin00_01.blp,,17,0,1
25038,20,0,4,Character\Pandaren\Male\PandaMaleNakedPelvisSkin00_02.blp,Character\Pandaren\Male\PandaMaleNakedTorsoSkin00_02.blp,,17,0,2
25039,20,0,4,Character\Pandaren\Male\PandaMaleNakedPelvisSkin00_03.blp,Character\Pandaren\Male\PandaMaleNakedTorsoSkin00_03.blp,,17,0,3
25040,20,0,4,Character\Pandaren\Male\PandaMaleNakedPelvisSkin00_04.blp,Character\Pandaren\Male\PandaMaleNakedTorsoSkin00_04.blp,,17,0,4
25041,20,0,4,Character\Pandaren\Male\PandaMaleNakedPelvisSkin00_05.blp,Character\Pandaren\Male\PandaMaleNakedTorsoSkin00_05.blp,,17,0,5
25042,20,0,4,Character\Pandaren\Male\PandaMaleNakedPelvisSkin00_06.blp,Character\Pandaren\Male\PandaMaleNakedTorsoSkin00_06.blp,,17,0,6
25043,20,0,4,Character\Pandaren\Male\PandaMaleNakedPelvisSkin00_07.blp,Character\Pandaren\Male\PandaMaleNakedTorsoSkin00_07.blp,,17,0,7
25044,20,0,4,Character\Pandaren\Male\PandaMaleNakedPelvisSkin00_08.blp,Character\Pandaren\Male\PandaMaleNakedTorsoSkin00_08.blp,,17,0,8
25045,20,0,4,Character\Pandaren\Male\PandaMaleNakedPelvisSkin00_09.blp,Character\Pandaren\Male\PandaMaleNakedTorsoSkin00_09.blp,,17,0,9
25046,20,0,4,Character\Pandaren\Male\PandaMaleNakedPelvisSkin00_10.blp,Character\Pandaren\Male\PandaMaleNakedTorsoSkin00_10.blp,,17,0,10
25047,20,0,4,Character\Pandaren\Male\PandaMaleNakedPelvisSkin00_11.blp,Character\Pandaren\Male\PandaMaleNakedTorsoSkin00_11.blp,,17,0,11
25048,20,0,4,Character\Pandaren\Male\PandaMaleNakedPelvisSkin00_12.blp,Character\Pandaren\Male\PandaMaleNakedTorsoSkin00_12.blp,,17,0,12
25049,20,0,4,Character\Pandaren\Male\PandaMaleNakedPelvisSkin00_13.blp,Character\Pandaren\Male\PandaMaleNakedTorsoSkin00_13.blp,,17,0,13
25050,20,1,0,Character\Pandaren\Female\PandaFemaleSkin00_00.blp,Character\Pandaren\Female\PandaFemaleSkinExtra00_00.blp,,17,0,0
25051,20,1,0,Character\Pandaren\Female\PandaFemaleSkin00_01.blp,Character\Pandaren\Female\PandaFemaleSkinExtra00_01.blp,,17,0,1
25052,20,1,0,Character\Pandaren\Female\PandaFemaleSkin00_02.blp,Character\Pandaren\Female\PandaFemaleSkinExtra00_02.blp,,17,0,2
25053,20,1,0,Character\Pandaren\Female\PandaFemaleSkin00_03.blp,Character\Pandaren\Female\PandaFemaleSkinExtra00_03.blp,,17,0,3
25054,20,1,0,Character\Pandaren\Female\PandaFemaleSkin00_04.blp,Character\Pandaren\Female\PandaFemaleSkinExtra00_00.blp,,17,0,4
25055,20,1,0,Character\Pandaren\Female\PandaFemaleSkin00_05.blp,Character\Pandaren\Female\PandaFemaleSkinExtra00_01.blp,,17,0,5
25056,20,1,0,Character\Pandaren\Female\PandaFemaleSkin00_06.blp,Character\Pandaren\Female\PandaFemaleSkinExtra00_02.blp,,17,0,6
25057,20,1,0,Character\Pandaren\Female\PandaFemaleSkin00_07.blp,Character\Pandaren\Female\PandaFemaleSkinExtra00_03.blp,,17,0,7
25058,20,1,0,Character\Pandaren\Female\PandaFemaleSkin00_08.blp,Character\Pandaren\Female\PandaFemaleSkinExtra00_00.blp,,17,0,8
25059,20,1,0,Character\Pandaren\Female\PandaFemaleSkin00_09.blp,Character\Pandaren\Female\PandaFemaleSkinExtra00_01.blp,,17,0,9
25060,20,1,0,Character\Pandaren\Female\PandaFemaleSkin00_10.blp,Character\Pandaren\Female\PandaFemaleSkinExtra00_02.blp,,17,0,10
25061,20,1,0,Character\Pandaren\Female\PandaFemaleSkin00_11.blp,Character\Pandaren\Female\PandaFemaleSkinExtra00_03.blp,,17,0,11
25062,20,1,0,Character\Pandaren\Female\PandaFemaleSkin00_12.blp,Character\Pandaren\Female\PandaFemaleSkinExtra00_01.blp,,17,0,12
25063,20,1,0,Character\Pandaren\Female\PandaFemaleSkin00_13.blp,Character\Pandaren\Female\PandaFemaleSkinExtra00_01.blp,,17,0,13
25064,20,1,1,Character\Pandaren\Female\pandafemalefacelower00_00.blp,Character\Pandaren\Female\PandaFemaleFaceUpper00_00.blp,,17,0,0
25065,20,1,1,Character\Pandaren\Female\pandafemalefacelower00_01.blp,Character\Pandaren\Female\PandaFemaleFaceUpper00_01.blp,,17,0,1
25066,20,1,1,Character\Pandaren\Female\pandafemalefacelower00_02.blp,Character\Pandaren\Female\PandaFemaleFaceUpper00_02.blp,,17,0,2
25067,20,1,1,Character\Pandaren\Female\pandafemalefacelower00_03.blp,Character\Pandaren\Female\PandaFemaleFaceUpper00_03.blp,,17,0,3
25068,20,1,1,Character\Pandaren\Female\pandafemalefacelower00_00.blp,Character\Pandaren\Female\PandaFemaleFaceUpper00_00.blp,,17,0,4
25069,20,1,1,Character\Pandaren\Female\pandafemalefacelower00_01.blp,Character\Pandaren\Female\PandaFemaleFaceUpper00_01.blp,,17,0,5
25070,20,1,1,Character\Pandaren\Female\pandafemalefacelower00_02.blp,Character\Pandaren\Female\PandaFemaleFaceUpper00_02.blp,,17,0,6
25071,20,1,1,Character\Pandaren\Female\pandafemalefacelower00_03.blp,Character\Pandaren\Female\PandaFemaleFaceUpper00_03.blp,,17,0,7
25072,20,1,1,Character\Pandaren\Female\pandafemalefacelower00_00.blp,Character\Pandaren\Female\PandaFemaleFaceUpper00_00.blp,,17,0,8
25073,20,1,1,Character\Pandaren\Female\pandafemalefacelower00_01.blp,Character\Pandaren\Female\PandaFemaleFaceUpper00_01.blp,,17,0,9
25074,20,1,1,Character\Pandaren\Female\pandafemalefacelower00_02.blp,Character\Pandaren\Female\PandaFemaleFaceUpper00_02.blp,,17,0,10
25075,20,1,1,Character\Pandaren\Female\pandafemalefacelower00_03.blp,Character\Pandaren\Female\PandaFemaleFaceUpper00_03.blp,,17,0,11
25076,20,1,1,Character\Pandaren\Female\pandafemalefacelower00_01.blp,Character\Pandaren\Female\PandaFemaleFaceUpper00_01.blp,,17,0,12
25077,20,1,1,Character\Pandaren\Female\pandafemalefacelower00_01.blp,Character\Pandaren\Female\PandaFemaleFaceUpper00_01.blp,,17,0,13
25078,20,1,1,Character\Pandaren\Female\pandafemalefacelower01_00.blp,Character\Pandaren\Female\PandaFemaleFaceUpper01_00.blp,,17,1,0
25079,20,1,1,Character\Pandaren\Female\pandafemalefacelower01_01.blp,Character\Pandaren\Female\PandaFemaleFaceUpper01_01.blp,,17,1,1
25080,20,1,1,Character\Pandaren\Female\pandafemalefacelower01_02.blp,Character\Pandaren\Female\PandaFemaleFaceUpper01_02.blp,,17,1,2
25081,20,1,1,Character\Pandaren\Female\pandafemalefacelower01_03.blp,Character\Pandaren\Female\PandaFemaleFaceUpper01_03.blp,,17,1,3
25082,20,1,1,Character\Pandaren\Female\pandafemalefacelower01_00.blp,Character\Pandaren\Female\PandaFemaleFaceUpper01_00.blp,,17,1,4
25083,20,1,1,Character\Pandaren\Female\pandafemalefacelower01_01.blp,Character\Pandaren\Female\PandaFemaleFaceUpper01_01.blp,,17,1,5
25084,20,1,1,Character\Pandaren\Female\pandafemalefacelower01_02.blp,Character\Pandaren\Female\PandaFemaleFaceUpper01_02.blp,,17,1,6
25085,20,1,1,Character\Pandaren\Female\pandafemalefacelower01_03.blp,Character\Pandaren\Female\PandaFemaleFaceUpper01_03.blp,,17,1,7
25086,20,1,1,Character\Pandaren\Female\pandafemalefacelower01_00.blp,Character\Pandaren\Female\PandaFemaleFaceUpper01_00.blp,,17,1,8
25087,20,1,1,Character\Pandaren\Female\pandafemalefacelower01_01.blp,Character\Pandaren\Female\PandaFemaleFaceUpper01_01.blp,,17,1,9
25088,20,1,1,Character\Pandaren\Female\pandafemalefacelower01_02.blp,Character\Pandaren\Female\PandaFemaleFaceUpper01_02.blp,,17,1,10
25089,20,1,1,Character\Pandaren\Female\pandafemalefacelower01_03.blp,Character\Pandaren\Female\PandaFemaleFaceUpper01_03.blp,,17,1,11
25090,20,1,1,Character\Pandaren\Female\pandafemalefacelower01_01.blp,Character\Pandaren\Female\PandaFemaleFaceUpper01_01.blp,,17,1,12
25091,20,1,1,Character\Pandaren\Female\pandafemalefacelower01_01.blp,Character\Pandaren\Female\PandaFemaleFaceUpper01_01.blp,,17,1,13
25092,20,1,1,Character\Pandaren\Female\pandafemalefacelower02_00.blp,Character\Pandaren\Female\PandaFemaleFaceUpper02_00.blp,,17,2,0
25093,20,1,1,Character\Pandaren\Female\pandafemalefacelower02_01.blp,Character\Pandaren\Female\PandaFemaleFaceUpper02_01.blp,,17,2,1
25094,20,1,1,Character\Pandaren\Female\pandafemalefacelower02_02.blp,Character\Pandaren\Female\PandaFemaleFaceUpper02_02.blp,,17,2,2
25095,20,1,1,Character\Pandaren\Female\pandafemalefacelower02_03.blp,Character\Pandaren\Female\PandaFemaleFaceUpper02_03.blp,,17,2,3
25096,20,1,1,Character\Pandaren\Female\pandafemalefacelower02_00.blp,Character\Pandaren\Female\PandaFemaleFaceUpper02_00.blp,,17,2,4
25097,20,1,1,Character\Pandaren\Female\pandafemalefacelower02_01.blp,Character\Pandaren\Female\PandaFemaleFaceUpper02_01.blp,,17,2,5
25098,20,1,1,Character\Pandaren\Female\pandafemalefacelower02_02.blp,Character\Pandaren\Female\PandaFemaleFaceUpper02_02.blp,,17,2,6
25099,20,1,1,Character\Pandaren\Female\pandafemalefacelower02_03.blp,Character\Pandaren\Female\PandaFemaleFaceUpper02_03.blp,,17,2,7
25100,20,1,1,Character\Pandaren\Female\pandafemalefacelower02_00.blp,Character\Pandaren\Female\PandaFemaleFaceUpper02_00.blp,,17,2,8
25101,20,1,1,Character\Pandaren\Female\pandafemalefacelower02_01.blp,Character\Pandaren\Female\PandaFemaleFaceUpper02_01.blp,,17,2,9
25102,20,1,1,Character\Pandaren\Female\pandafemalefacelower02_02.blp,Character\Pandaren\Female\PandaFemaleFaceUpper02_02.blp,,17,2,10
25103,20,1,1,Character\Pandaren\Female\pandafemalefacelower02_03.blp,Character\Pandaren\Female\PandaFemaleFaceUpper02_03.blp,,17,2,11
25104,20,1,1,Character\Pandaren\Female\pandafemalefacelower02_01.blp,Character\Pandaren\Female\PandaFemaleFaceUpper02_01.blp,,17,2,12
25105,20,1,1,Character\Pandaren\Female\pandafemalefacelower02_01.blp,Character\Pandaren\Female\PandaFemaleFaceUpper02_01.blp,,17,2,13
25106,20,1,1,Character\Pandaren\Female\pandafemalefacelower03_00.blp,Character\Pandaren\Female\PandaFemaleFaceUpper03_00.blp,,17,3,0
25107,20,1,1,Character\Pandaren\Female\pandafemalefacelower03_01.blp,Character\Pandaren\Female\PandaFemaleFaceUpper03_01.blp,,17,3,1
25108,20,1,1,Character\Pandaren\Female\pandafemalefacelower03_02.blp,Character\Pandaren\Female\PandaFemaleFaceUpper03_02.blp,,17,3,2
25109,20,1,1,Character\Pandaren\Female\pandafemalefacelower03_03.blp,Character\Pandaren\Female\PandaFemaleFaceUpper03_03.blp,,17,3,3
25110,20,1,1,Character\Pandaren\Female\pandafemalefacelower03_00.blp,Character\Pandaren\Female\PandaFemaleFaceUpper03_00.blp,,17,3,4
25111,20,1,1,Character\Pandaren\Female\pandafemalefacelower03_01.blp,Character\Pandaren\Female\PandaFemaleFaceUpper03_01.blp,,17,3,5
25112,20,1,1,Character\Pandaren\Female\pandafemalefacelower03_02.blp,Character\Pandaren\Female\PandaFemaleFaceUpper03_02.blp,,17,3,6
25113,20,1,1,Character\Pandaren\Female\pandafemalefacelower03_03.blp,Character\Pandaren\Female\PandaFemaleFaceUpper03_03.blp,,17,3,7
25114,20,1,1,Character\Pandaren\Female\pandafemalefacelower03_00.blp,Character\Pandaren\Female\PandaFemaleFaceUpper03_00.blp,,17,3,8
25115,20,1,1,Character\Pandaren\Female\pandafemalefacelower03_01.blp,Character\Pandaren\Female\PandaFemaleFaceUpper03_01.blp,,17,3,9
25116,20,1,1,Character\Pandaren\Female\pandafemalefacelower03_02.blp,Character\Pandaren\Female\PandaFemaleFaceUpper03_02.blp,,17,3,10
25117,20,1,1,Character\Pandaren\Female\pandafemalefacelower03_03.blp,Character\Pandaren\Female\PandaFemaleFaceUpper03_03.blp,,17,3,11
25118,20,1,1,Character\Pandaren\Female\pandafemalefacelower03_01.blp,Character\Pandaren\Female\PandaFemaleFaceUpper03_01.blp,,17,3,12
25119,20,1,1,Character\Pandaren\Female\pandafemalefacelower03_01.blp,Character\Pandaren\Female\PandaFemaleFaceUpper03_01.blp,,17,3,13
25120,20,1,1,Character\Pandaren\Female\pandafemalefacelower04_00.blp,Character\Pandaren\Female\PandaFemaleFaceUpper04_00.blp,,17,4,0
25121,20,1,1,Character\Pandaren\Female\pandafemalefacelower04_01.blp,Character\Pandaren\Female\PandaFemaleFaceUpper04_01.blp,,17,4,1
25122,20,1,1,Character\Pandaren\Female\pandafemalefacelower04_02.blp,Character\Pandaren\Female\PandaFemaleFaceUpper04_02.blp,,17,4,2
25123,20,1,1,Character\Pandaren\Female\pandafemalefacelower04_03.blp,Character\Pandaren\Female\PandaFemaleFaceUpper04_03.blp,,17,4,3
25124,20,1,1,Character\Pandaren\Female\pandafemalefacelower04_00.blp,Character\Pandaren\Female\PandaFemaleFaceUpper04_00.blp,,17,4,4
25125,20,1,1,Character\Pandaren\Female\pandafemalefacelower04_01.blp,Character\Pandaren\Female\PandaFemaleFaceUpper04_01.blp,,17,4,5
25126,20,1,1,Character\Pandaren\Female\pandafemalefacelower04_02.blp,Character\Pandaren\Female\PandaFemaleFaceUpper04_02.blp,,17,4,6
25127,20,1,1,Character\Pandaren\Female\pandafemalefacelower04_03.blp,Character\Pandaren\Female\PandaFemaleFaceUpper04_03.blp,,17,4,7
25128,20,1,1,Character\Pandaren\Female\pandafemalefacelower04_00.blp,Character\Pandaren\Female\PandaFemaleFaceUpper04_00.blp,,17,4,8
25129,20,1,1,Character\Pandaren\Female\pandafemalefacelower04_01.blp,Character\Pandaren\Female\PandaFemaleFaceUpper04_01.blp,,17,4,9
25130,20,1,1,Character\Pandaren\Female\pandafemalefacelower04_02.blp,Character\Pandaren\Female\PandaFemaleFaceUpper04_02.blp,,17,4,10
25131,20,1,1,Character\Pandaren\Female\pandafemalefacelower04_03.blp,Character\Pandaren\Female\PandaFemaleFaceUpper04_03.blp,,17,4,11
25132,20,1,1,Character\Pandaren\Female\pandafemalefacelower04_01.blp,Character\Pandaren\Female\PandaFemaleFaceUpper04_01.blp,,17,4,12
25133,20,1,1,Character\Pandaren\Female\pandafemalefacelower04_01.blp,Character\Pandaren\Female\PandaFemaleFaceUpper04_01.blp,,17,4,13
25134,20,1,1,Character\Pandaren\Female\pandafemalefacelower05_00.blp,Character\Pandaren\Female\PandaFemaleFaceUpper05_00.blp,,17,5,0
25135,20,1,1,Character\Pandaren\Female\pandafemalefacelower05_01.blp,Character\Pandaren\Female\PandaFemaleFaceUpper05_01.blp,,17,5,1
25136,20,1,1,Character\Pandaren\Female\pandafemalefacelower05_02.blp,Character\Pandaren\Female\PandaFemaleFaceUpper05_02.blp,,17,5,2
25137,20,1,1,Character\Pandaren\Female\pandafemalefacelower05_03.blp,Character\Pandaren\Female\PandaFemaleFaceUpper05_03.blp,,17,5,3
25138,20,1,1,Character\Pandaren\Female\pandafemalefacelower05_00.blp,Character\Pandaren\Female\PandaFemaleFaceUpper05_00.blp,,17,5,4
25139,20,1,1,Character\Pandaren\Female\pandafemalefacelower05_01.blp,Character\Pandaren\Female\PandaFemaleFaceUpper05_01.blp,,17,5,5
25140,20,1,1,Character\Pandaren\Female\pandafemalefacelower05_02.blp,Character\Pandaren\Female\PandaFemaleFaceUpper05_02.blp,,17,5,6
25141,20,1,1,Character\Pandaren\Female\pandafemalefacelower05_03.blp,Character\Pandaren\Female\PandaFemaleFaceUpper05_03.blp,,17,5,7
25142,20,1,1,Character\Pandaren\Female\pandafemalefacelower05_00.blp,Character\Pandaren\Female\PandaFemaleFaceUpper05_00.blp,,17,5,8
25143,20,1,1,Character\Pandaren\Female\pandafemalefacelower05_01.blp,Character\Pandaren\Female\PandaFemaleFaceUpper05_01.blp,,17,5,9
25144,20,1,1,Character\Pandaren\Female\pandafemalefacelower05_02.blp,Character\Pandaren\Female\PandaFemaleFaceUpper05_02.blp,,17,5,10
25145,20,1,1,Character\Pandaren\Female\pandafemalefacelower05_03.blp,Character\Pandaren\Female\PandaFemaleFaceUpper05_03.blp,,17,5,11
25146,20,1,1,Character\Pandaren\Female\pandafemalefacelower05_01.blp,Character\Pandaren\Female\PandaFemaleFaceUpper05_01.blp,,17,5,12
25147,20,1,1,Character\Pandaren\Female\pandafemalefacelower05_01.blp,Character\Pandaren\Female\PandaFemaleFaceUpper05_01.blp,,17,5,13
25148,20,1,1,Character\Pandaren\Female\pandafemalefacelower06_00.blp,Character\Pandaren\Female\PandaFemaleFaceUpper06_00.blp,,17,6,0
25149,20,1,1,Character\Pandaren\Female\pandafemalefacelower06_01.blp,Character\Pandaren\Female\PandaFemaleFaceUpper06_01.blp,,17,6,1
25150,20,1,1,Character\Pandaren\Female\pandafemalefacelower06_02.blp,Character\Pandaren\Female\PandaFemaleFaceUpper06_02.blp,,17,6,2
25151,20,1,1,Character\Pandaren\Female\pandafemalefacelower06_03.blp,Character\Pandaren\Female\PandaFemaleFaceUpper06_03.blp,,17,6,3
25152,20,1,1,Character\Pandaren\Female\pandafemalefacelower06_00.blp,Character\Pandaren\Female\PandaFemaleFaceUpper06_00.blp,,17,6,4
25153,20,1,1,Character\Pandaren\Female\pandafemalefacelower06_01.blp,Character\Pandaren\Female\PandaFemaleFaceUpper06_01.blp,,17,6,5
25154,20,1,1,Character\Pandaren\Female\pandafemalefacelower06_02.blp,Character\Pandaren\Female\PandaFemaleFaceUpper06_02.blp,,17,6,6
25155,20,1,1,Character\Pandaren\Female\pandafemalefacelower06_03.blp,Character\Pandaren\Female\PandaFemaleFaceUpper06_03.blp,,17,6,7
25156,20,1,1,Character\Pandaren\Female\pandafemalefacelower06_00.blp,Character\Pandaren\Female\PandaFemaleFaceUpper06_00.blp,,17,6,8
25157,20,1,1,Character\Pandaren\Female\pandafemalefacelower06_01.blp,Character\Pandaren\Female\PandaFemaleFaceUpper06_01.blp,,17,6,9
25158,20,1,1,Character\Pandaren\Female\pandafemalefacelower06_02.blp,Character\Pandaren\Female\PandaFemaleFaceUpper06_02.blp,,17,6,10
25159,20,1,1,Character\Pandaren\Female\pandafemalefacelower06_03.blp,Character\Pandaren\Female\PandaFemaleFaceUpper06_03.blp,,17,6,11
25160,20,1,1,Character\Pandaren\Female\pandafemalefacelower06_01.blp,Character\Pandaren\Female\PandaFemaleFaceUpper06_01.blp,,17,6,12
25161,20,1,1,Character\Pandaren\Female\pandafemalefacelower06_01.blp,Character\Pandaren\Female\PandaFemaleFaceUpper06_01.blp,,17,6,13
25162,20,1,1,Character\Pandaren\Female\pandafemalefacelower07_00.blp,Character\Pandaren\Female\PandaFemaleFaceUpper07_00.blp,,17,7,0
25163,20,1,1,Character\Pandaren\Female\pandafemalefacelower07_01.blp,Character\Pandaren\Female\PandaFemaleFaceUpper07_01.blp,,17,7,1
25164,20,1,1,Character\Pandaren\Female\pandafemalefacelower07_02.blp,Character\Pandaren\Female\PandaFemaleFaceUpper07_02.blp,,17,7,2
25165,20,1,1,Character\Pandaren\Female\pandafemalefacelower07_03.blp,Character\Pandaren\Female\PandaFemaleFaceUpper07_03.blp,,17,7,3
25166,20,1,1,Character\Pandaren\Female\pandafemalefacelower07_00.blp,Character\Pandaren\Female\PandaFemaleFaceUpper07_00.blp,,17,7,4
25167,20,1,1,Character\Pandaren\Female\pandafemalefacelower07_01.blp,Character\Pandaren\Female\PandaFemaleFaceUpper07_01.blp,,17,7,5
25168,20,1,1,Character\Pandaren\Female\pandafemalefacelower07_02.blp,Character\Pandaren\Female\PandaFemaleFaceUpper07_02.blp,,17,7,6
25169,20,1,1,Character\Pandaren\Female\pandafemalefacelower07_03.blp,Character\Pandaren\Female\PandaFemaleFaceUpper07_03.blp,,17,7,7
25170,20,1,1,Character\Pandaren\Female\pandafemalefacelower07_00.blp,Character\Pandaren\Female\PandaFemaleFaceUpper07_00.blp,,17,7,8
25171,20,1,1,Character\Pandaren\Female\pandafemalefacelower07_01.blp,Character\Pandaren\Female\PandaFemaleFaceUpper07_01.blp,,17,7,9
25172,20,1,1,Character\Pandaren\Female\pandafemalefacelower07_02.blp,Character\Pandaren\Female\PandaFemaleFaceUpper07_02.blp,,17,7,10
25173,20,1,1,Character\Pandaren\Female\pandafemalefacelower07_03.blp,Character\Pandaren\Female\PandaFemaleFaceUpper07_03.blp,,17,7,11
25174,20,1,1,Character\Pandaren\Female\pandafemalefacelower07_01.blp,Character\Pandaren\Female\PandaFemaleFaceUpper07_01.blp,,17,7,12
25175,20,1,1,Character\Pandaren\Female\pandafemalefacelower07_01.blp,Character\Pandaren\Female\PandaFemaleFaceUpper07_01.blp,,17,7,13
25176,20,1,1,Character\Pandaren\Female\pandafemalefacelower08_00.blp,Character\Pandaren\Female\PandaFemaleFaceUpper08_00.blp,,17,8,0
25177,20,1,1,Character\Pandaren\Female\pandafemalefacelower08_01.blp,Character\Pandaren\Female\PandaFemaleFaceUpper08_01.blp,,17,8,1
25178,20,1,1,Character\Pandaren\Female\pandafemalefacelower08_02.blp,Character\Pandaren\Female\PandaFemaleFaceUpper08_02.blp,,17,8,2
25179,20,1,1,Character\Pandaren\Female\pandafemalefacelower08_03.blp,Character\Pandaren\Female\PandaFemaleFaceUpper08_03.blp,,17,8,3
25180,20,1,1,Character\Pandaren\Female\pandafemalefacelower08_00.blp,Character\Pandaren\Female\PandaFemaleFaceUpper08_00.blp,,17,8,4
25181,20,1,1,Character\Pandaren\Female\pandafemalefacelower08_01.blp,Character\Pandaren\Female\PandaFemaleFaceUpper08_01.blp,,17,8,5
25182,20,1,1,Character\Pandaren\Female\pandafemalefacelower08_02.blp,Character\Pandaren\Female\PandaFemaleFaceUpper08_02.blp,,17,8,6
25183,20,1,1,Character\Pandaren\Female\pandafemalefacelower08_03.blp,Character\Pandaren\Female\PandaFemaleFaceUpper08_03.blp,,17,8,7
25184,20,1,1,Character\Pandaren\Female\pandafemalefacelower08_00.blp,Character\Pandaren\Female\PandaFemaleFaceUpper08_00.blp,,17,8,8
25185,20,1,1,Character\Pandaren\Female\pandafemalefacelower08_01.blp,Character\Pandaren\Female\PandaFemaleFaceUpper08_01.blp,,17,8,9
25186,20,1,1,Character\Pandaren\Female\pandafemalefacelower08_02.blp,Character\Pandaren\Female\PandaFemaleFaceUpper08_02.blp,,17,8,10
25187,20,1,1,Character\Pandaren\Female\pandafemalefacelower08_03.blp,Character\Pandaren\Female\PandaFemaleFaceUpper08_03.blp,,17,8,11
25188,20,1,1,Character\Pandaren\Female\pandafemalefacelower08_01.blp,Character\Pandaren\Female\PandaFemaleFaceUpper08_01.blp,,17,8,12
25189,20,1,1,Character\Pandaren\Female\pandafemalefacelower08_01.blp,Character\Pandaren\Female\PandaFemaleFaceUpper08_01.blp,,17,8,13
25190,20,1,1,Character\Pandaren\Female\pandafemalefacelower09_00.blp,Character\Pandaren\Female\PandaFemaleFaceUpper09_00.blp,,17,9,0
25191,20,1,1,Character\Pandaren\Female\pandafemalefacelower09_01.blp,Character\Pandaren\Female\PandaFemaleFaceUpper09_01.blp,,17,9,1
25192,20,1,1,Character\Pandaren\Female\pandafemalefacelower09_02.blp,Character\Pandaren\Female\PandaFemaleFaceUpper09_02.blp,,17,9,2
25193,20,1,1,Character\Pandaren\Female\pandafemalefacelower09_03.blp,Character\Pandaren\Female\PandaFemaleFaceUpper09_03.blp,,17,9,3
25194,20,1,1,Character\Pandaren\Female\pandafemalefacelower09_00.blp,Character\Pandaren\Female\PandaFemaleFaceUpper09_00.blp,,17,9,4
25195,20,1,1,Character\Pandaren\Female\pandafemalefacelower09_01.blp,Character\Pandaren\Female\PandaFemaleFaceUpper09_01.blp,,17,9,5
25196,20,1,1,Character\Pandaren\Female\pandafemalefacelower09_02.blp,Character\Pandaren\Female\PandaFemaleFaceUpper09_02.blp,,17,9,6
25197,20,1,1,Character\Pandaren\Female\pandafemalefacelower09_03.blp,Character\Pandaren\Female\PandaFemaleFaceUpper09_03.blp,,17,9,7
25198,20,1,1,Character\Pandaren\Female\pandafemalefacelower09_00.blp,Character\Pandaren\Female\PandaFemaleFaceUpper09_00.blp,,17,9,8
25199,20,1,1,Character\Pandaren\Female\pandafemalefacelower09_01.blp,Character\Pandaren\Female\PandaFemaleFaceUpper09_01.blp,,17,9,9
25200,20,1,1,Character\Pandaren\Female\pandafemalefacelower09_02.blp,Character\Pandaren\Female\PandaFemaleFaceUpper09_02.blp,,17,9,10
25201,20,1,1,Character\Pandaren\Female\pandafemalefacelower09_03.blp,Character\Pandaren\Female\PandaFemaleFaceUpper09_03.blp,,17,9,11
25202,20,1,1,Character\Pandaren\Female\pandafemalefacelower09_01.blp,Character\Pandaren\Female\PandaFemaleFaceUpper09_01.blp,,17,9,12
25203,20,1,1,Character\Pandaren\Female\pandafemalefacelower09_01.blp,Character\Pandaren\Female\PandaFemaleFaceUpper09_01.blp,,17,9,13
25204,20,1,1,Character\Pandaren\Female\pandafemalefacelower10_00.blp,Character\Pandaren\Female\PandaFemaleFaceUpper10_00.blp,,17,10,0
25205,20,1,1,Character\Pandaren\Female\pandafemalefacelower10_01.blp,Character\Pandaren\Female\PandaFemaleFaceUpper10_01.blp,,17,10,1
25206,20,1,1,Character\Pandaren\Female\pandafemalefacelower10_02.blp,Character\Pandaren\Female\PandaFemaleFaceUpper10_02.blp,,17,10,2
25207,20,1,1,Character\Pandaren\Female\pandafemalefacelower10_03.blp,Character\Pandaren\Female\PandaFemaleFaceUpper10_03.blp,,17,10,3
25208,20,1,1,Character\Pandaren\Female\pandafemalefacelower10_00.blp,Character\Pandaren\Female\PandaFemaleFaceUpper10_00.blp,,17,10,4
25209,20,1,1,Character\Pandaren\Female\pandafemalefacelower10_01.blp,Character\Pandaren\Female\PandaFemaleFaceUpper10_01.blp,,17,10,5
25210,20,1,1,Character\Pandaren\Female\pandafemalefacelower10_02.blp,Character\Pandaren\Female\PandaFemaleFaceUpper10_02.blp,,17,10,6
25211,20,1,1,Character\Pandaren\Female\pandafemalefacelower10_03.blp,Character\Pandaren\Female\PandaFemaleFaceUpper10_03.blp,,17,10,7
25212,20,1,1,Character\Pandaren\Female\pandafemalefacelower10_00.blp,Character\Pandaren\Female\PandaFemaleFaceUpper10_00.blp,,17,10,8
25213,20,1,1,Character\Pandaren\Female\pandafemalefacelower10_01.blp,Character\Pandaren\Female\PandaFemaleFaceUpper10_01.blp,,17,10,9
25214,20,1,1,Character\Pandaren\Female\pandafemalefacelower10_02.blp,Character\Pandaren\Female\PandaFemaleFaceUpper10_02.blp,,17,10,10
25215,20,1,1,Character\Pandaren\Female\pandafemalefacelower10_03.blp,Character\Pandaren\Female\PandaFemaleFaceUpper10_03.blp,,17,10,11
25216,20,1,1,Character\Pandaren\Female\pandafemalefacelower10_01.blp,Character\Pandaren\Female\PandaFemaleFaceUpper10_01.blp,,17,10,12
25217,20,1,1,Character\Pandaren\Female\pandafemalefacelower10_01.blp,Character\Pandaren\Female\PandaFemaleFaceUpper10_01.blp,,17,10,13
25218,20,1,1,Character\Pandaren\Female\pandafemalefacelower11_00.blp,Character\Pandaren\Female\PandaFemaleFaceUpper11_00.blp,,17,11,0
25219,20,1,1,Character\Pandaren\Female\pandafemalefacelower11_01.blp,Character\Pandaren\Female\PandaFemaleFaceUpper11_01.blp,,17,11,1
25220,20,1,1,Character\Pandaren\Female\pandafemalefacelower11_02.blp,Character\Pandaren\Female\PandaFemaleFaceUpper11_02.blp,,17,11,2
25221,20,1,1,Character\Pandaren\Female\pandafemalefacelower11_03.blp,Character\Pandaren\Female\PandaFemaleFaceUpper11_03.blp,,17,11,3
25222,20,1,1,Character\Pandaren\Female\pandafemalefacelower11_00.blp,Character\Pandaren\Female\PandaFemaleFaceUpper11_00.blp,,17,11,4
25223,20,1,1,Character\Pandaren\Female\pandafemalefacelower11_01.blp,Character\Pandaren\Female\PandaFemaleFaceUpper11_01.blp,,17,11,5
25224,20,1,1,Character\Pandaren\Female\pandafemalefacelower11_02.blp,Character\Pandaren\Female\PandaFemaleFaceUpper11_02.blp,,17,11,6
25225,20,1,1,Character\Pandaren\Female\pandafemalefacelower11_03.blp,Character\Pandaren\Female\PandaFemaleFaceUpper11_03.blp,,17,11,7
25226,20,1,1,Character\Pandaren\Female\pandafemalefacelower11_00.blp,Character\Pandaren\Female\PandaFemaleFaceUpper11_00.blp,,17,11,8
25227,20,1,1,Character\Pandaren\Female\pandafemalefacelower11_01.blp,Character\Pandaren\Female\PandaFemaleFaceUpper11_01.blp,,17,11,9
25228,20,1,1,Character\Pandaren\Female\pandafemalefacelower11_02.blp,Character\Pandaren\Female\PandaFemaleFaceUpper11_02.blp,,17,11,10
25229,20,1,1,Character\Pandaren\Female\pandafemalefacelower11_03.blp,Character\Pandaren\Female\PandaFemaleFaceUpper11_03.blp,,17,11,11
25230,20,1,1,Character\Pandaren\Female\pandafemalefacelower11_01.blp,Character\Pandaren\Female\PandaFemaleFaceUpper11_01.blp,,17,11,12
25231,20,1,1,Character\Pandaren\Female\pandafemalefacelower11_01.blp,Character\Pandaren\Female\PandaFemaleFaceUpper11_01.blp,,17,11,13
25232,20,1,1,Character\Pandaren\Female\pandafemalefacelower12_00.blp,Character\Pandaren\Female\PandaFemaleFaceUpper12_00.blp,,17,12,0
25233,20,1,1,Character\Pandaren\Female\pandafemalefacelower12_01.blp,Character\Pandaren\Female\PandaFemaleFaceUpper12_01.blp,,17,12,1
25234,20,1,1,Character\Pandaren\Female\pandafemalefacelower12_02.blp,Character\Pandaren\Female\PandaFemaleFaceUpper12_02.blp,,17,12,2
25235,20,1,1,Character\Pandaren\Female\pandafemalefacelower12_03.blp,Character\Pandaren\Female\PandaFemaleFaceUpper12_03.blp,,17,12,3
25236,20,1,1,Character\Pandaren\Female\pandafemalefacelower12_00.blp,Character\Pandaren\Female\PandaFemaleFaceUpper12_00.blp,,17,12,4
25237,20,1,1,Character\Pandaren\Female\pandafemalefacelower12_01.blp,Character\Pandaren\Female\PandaFemaleFaceUpper12_01.blp,,17,12,5
25238,20,1,1,Character\Pandaren\Female\pandafemalefacelower12_02.blp,Character\Pandaren\Female\PandaFemaleFaceUpper12_02.blp,,17,12,6
25239,20,1,1,Character\Pandaren\Female\pandafemalefacelower12_03.blp,Character\Pandaren\Female\PandaFemaleFaceUpper12_03.blp,,17,12,7
25240,20,1,1,Character\Pandaren\Female\pandafemalefacelower12_00.blp,Character\Pandaren\Female\PandaFemaleFaceUpper12_00.blp,,17,12,8
25241,20,1,1,Character\Pandaren\Female\pandafemalefacelower12_01.blp,Character\Pandaren\Female\PandaFemaleFaceUpper12_01.blp,,17,12,9
25242,20,1,1,Character\Pandaren\Female\pandafemalefacelower12_02.blp,Character\Pandaren\Female\PandaFemaleFaceUpper12_02.blp,,17,12,10
25243,20,1,1,Character\Pandaren\Female\pandafemalefacelower12_03.blp,Character\Pandaren\Female\PandaFemaleFaceUpper12_03.blp,,17,12,11
25244,20,1,1,Character\Pandaren\Female\pandafemalefacelower12_01.blp,Character\Pandaren\Female\PandaFemaleFaceUpper12_01.blp,,17,12,12
25245,20,1,1,Character\Pandaren\Female\pandafemalefacelower12_01.blp,Character\Pandaren\Female\PandaFemaleFaceUpper12_01.blp,,17,12,13
25246,20,1,1,Character\Pandaren\Female\pandafemalefacelower13_00.blp,Character\Pandaren\Female\PandaFemaleFaceUpper13_00.blp,,17,13,0
25247,20,1,1,Character\Pandaren\Female\pandafemalefacelower13_01.blp,Character\Pandaren\Female\PandaFemaleFaceUpper13_01.blp,,17,13,1
25248,20,1,1,Character\Pandaren\Female\pandafemalefacelower13_02.blp,Character\Pandaren\Female\PandaFemaleFaceUpper13_02.blp,,17,13,2
25249,20,1,1,Character\Pandaren\Female\pandafemalefacelower13_03.blp,Character\Pandaren\Female\PandaFemaleFaceUpper13_03.blp,,17,13,3
25250,20,1,1,Character\Pandaren\Female\pandafemalefacelower13_00.blp,Character\Pandaren\Female\PandaFemaleFaceUpper13_00.blp,,17,13,4
25251,20,1,1,Character\Pandaren\Female\pandafemalefacelower13_01.blp,Character\Pandaren\Female\PandaFemaleFaceUpper13_01.blp,,17,13,5
25252,20,1,1,Character\Pandaren\Female\pandafemalefacelower13_02.blp,Character\Pandaren\Female\PandaFemaleFaceUpper13_02.blp,,17,13,6
25253,20,1,1,Character\Pandaren\Female\pandafemalefacelower13_03.blp,Character\Pandaren\Female\PandaFemaleFaceUpper13_03.blp,,17,13,7
25254,20,1,1,Character\Pandaren\Female\pandafemalefacelower13_00.blp,Character\Pandaren\Female\PandaFemaleFaceUpper13_00.blp,,17,13,8
25255,20,1,1,Character\Pandaren\Female\pandafemalefacelower13_01.blp,Character\Pandaren\Female\PandaFemaleFaceUpper13_01.blp,,17,13,9
25256,20,1,1,Character\Pandaren\Female\pandafemalefacelower13_02.blp,Character\Pandaren\Female\PandaFemaleFaceUpper13_02.blp,,17,13,10
25257,20,1,1,Character\Pandaren\Female\pandafemalefacelower13_03.blp,Character\Pandaren\Female\PandaFemaleFaceUpper13_03.blp,,17,13,11
25258,20,1,1,Character\Pandaren\Female\pandafemalefacelower13_01.blp,Character\Pandaren\Female\PandaFemaleFaceUpper13_01.blp,,17,13,12
25259,20,1,1,Character\Pandaren\Female\pandafemalefacelower13_01.blp,Character\Pandaren\Female\PandaFemaleFaceUpper13_01.blp,,17,13,13
25260,20,1,1,Character\Pandaren\Female\pandafemalefacelower14_00.blp,Character\Pandaren\Female\PandaFemaleFaceUpper14_00.blp,,17,14,0
25261,20,1,1,Character\Pandaren\Female\pandafemalefacelower14_01.blp,Character\Pandaren\Female\PandaFemaleFaceUpper14_01.blp,,17,14,1
25262,20,1,1,Character\Pandaren\Female\pandafemalefacelower14_02.blp,Character\Pandaren\Female\PandaFemaleFaceUpper14_02.blp,,17,14,2
25263,20,1,1,Character\Pandaren\Female\pandafemalefacelower14_03.blp,Character\Pandaren\Female\PandaFemaleFaceUpper14_03.blp,,17,14,3
25264,20,1,1,Character\Pandaren\Female\pandafemalefacelower14_00.blp,Character\Pandaren\Female\PandaFemaleFaceUpper14_00.blp,,17,14,4
25265,20,1,1,Character\Pandaren\Female\pandafemalefacelower14_01.blp,Character\Pandaren\Female\PandaFemaleFaceUpper14_01.blp,,17,14,5
25266,20,1,1,Character\Pandaren\Female\pandafemalefacelower14_02.blp,Character\Pandaren\Female\PandaFemaleFaceUpper14_02.blp,,17,14,6
25267,20,1,1,Character\Pandaren\Female\pandafemalefacelower14_03.blp,Character\Pandaren\Female\PandaFemaleFaceUpper14_03.blp,,17,14,7
25268,20,1,1,Character\Pandaren\Female\pandafemalefacelower14_00.blp,Character\Pandaren\Female\PandaFemaleFaceUpper14_00.blp,,17,14,8
25269,20,1,1,Character\Pandaren\Female\pandafemalefacelower14_01.blp,Character\Pandaren\Female\PandaFemaleFaceUpper14_01.blp,,17,14,9
25270,20,1,1,Character\Pandaren\Female\pandafemalefacelower14_02.blp,Character\Pandaren\Female\PandaFemaleFaceUpper14_02.blp,,17,14,10
25271,20,1,1,Character\Pandaren\Female\pandafemalefacelower14_03.blp,Character\Pandaren\Female\PandaFemaleFaceUpper14_03.blp,,17,14,11
25272,20,1,1,Character\Pandaren\Female\pandafemalefacelower14_01.blp,Character\Pandaren\Female\PandaFemaleFaceUpper14_01.blp,,17,14,12
25273,20,1,1,Character\Pandaren\Female\pandafemalefacelower14_01.blp,Character\Pandaren\Female\PandaFemaleFaceUpper14_01.blp,,17,14,13
25274,20,1,1,Character\Pandaren\Female\pandafemalefacelower15_00.blp,Character\Pandaren\Female\PandaFemaleFaceUpper15_00.blp,,17,15,0
25275,20,1,1,Character\Pandaren\Female\pandafemalefacelower15_01.blp,Character\Pandaren\Female\PandaFemaleFaceUpper15_01.blp,,17,15,1
25276,20,1,1,Character\Pandaren\Female\pandafemalefacelower15_02.blp,Character\Pandaren\Female\PandaFemaleFaceUpper15_02.blp,,17,15,2
25277,20,1,1,Character\Pandaren\Female\pandafemalefacelower15_03.blp,Character\Pandaren\Female\PandaFemaleFaceUpper15_03.blp,,17,15,3
25278,20,1,1,Character\Pandaren\Female\pandafemalefacelower15_00.blp,Character\Pandaren\Female\PandaFemaleFaceUpper15_00.blp,,17,15,4
25279,20,1,1,Character\Pandaren\Female\pandafemalefacelower15_01.blp,Character\Pandaren\Female\PandaFemaleFaceUpper15_01.blp,,17,15,5
25280,20,1,1,Character\Pandaren\Female\pandafemalefacelower15_02.blp,Character\Pandaren\Female\PandaFemaleFaceUpper15_02.blp,,17,15,6
25281,20,1,1,Character\Pandaren\Female\pandafemalefacelower15_03.blp,Character\Pandaren\Female\PandaFemaleFaceUpper15_03.blp,,17,15,7
25282,20,1,1,Character\Pandaren\Female\pandafemalefacelower15_00.blp,Character\Pandaren\Female\PandaFemaleFaceUpper15_00.blp,,17,15,8
25283,20,1,1,Character\Pandaren\Female\pandafemalefacelower15_01.blp,Character\Pandaren\Female\PandaFemaleFaceUpper15_01.blp,,17,15,9
25284,20,1,1,Character\Pandaren\Female\pandafemalefacelower15_02.blp,Character\Pandaren\Female\PandaFemaleFaceUpper15_02.blp,,17,15,10
25285,20,1,1,Character\Pandaren\Female\pandafemalefacelower15_03.blp,Character\Pandaren\Female\PandaFemaleFaceUpper15_03.blp,,17,15,11
25286,20,1,1,Character\Pandaren\Female\pandafemalefacelower15_01.blp,Character\Pandaren\Female\PandaFemaleFaceUpper15_01.blp,,17,15,12
25287,20,1,1,Character\Pandaren\Female\pandafemalefacelower15_01.blp,Character\Pandaren\Female\PandaFemaleFaceUpper15_01.blp,,17,15,13
25288,20,1,1,Character\Pandaren\Female\pandafemalefacelower16_00.blp,Character\Pandaren\Female\PandaFemaleFaceUpper16_00.blp,,17,16,0
25289,20,1,1,Character\Pandaren\Female\pandafemalefacelower16_01.blp,Character\Pandaren\Female\PandaFemaleFaceUpper16_01.blp,,17,16,1
25290,20,1,1,Character\Pandaren\Female\pandafemalefacelower16_02.blp,Character\Pandaren\Female\PandaFemaleFaceUpper16_02.blp,,17,16,2
25291,20,1,1,Character\Pandaren\Female\pandafemalefacelower16_03.blp,Character\Pandaren\Female\PandaFemaleFaceUpper16_03.blp,,17,16,3
25292,20,1,1,Character\Pandaren\Female\pandafemalefacelower16_00.blp,Character\Pandaren\Female\PandaFemaleFaceUpper16_00.blp,,17,16,4
25293,20,1,1,Character\Pandaren\Female\pandafemalefacelower16_01.blp,Character\Pandaren\Female\PandaFemaleFaceUpper16_01.blp,,17,16,5
25294,20,1,1,Character\Pandaren\Female\pandafemalefacelower16_02.blp,Character\Pandaren\Female\PandaFemaleFaceUpper16_02.blp,,17,16,6
25295,20,1,1,Character\Pandaren\Female\pandafemalefacelower16_03.blp,Character\Pandaren\Female\PandaFemaleFaceUpper16_03.blp,,17,16,7
25296,20,1,1,Character\Pandaren\Female\pandafemalefacelower16_00.blp,Character\Pandaren\Female\PandaFemaleFaceUpper16_00.blp,,17,16,8
25297,20,1,1,Character\Pandaren\Female\pandafemalefacelower16_01.blp,Character\Pandaren\Female\PandaFemaleFaceUpper16_01.blp,,17,16,9
25298,20,1,1,Character\Pandaren\Female\pandafemalefacelower16_02.blp,Character\Pandaren\Female\PandaFemaleFaceUpper16_02.blp,,17,16,10
25299,20,1,1,Character\Pandaren\Female\pandafemalefacelower16_03.blp,Character\Pandaren\Female\PandaFemaleFaceUpper16_03.blp,,17,16,11
25300,20,1,1,Character\Pandaren\Female\pandafemalefacelower16_01.blp,Character\Pandaren\Female\PandaFemaleFaceUpper16_01.blp,,17,16,12
25301,20,1,1,Character\Pandaren\Female\pandafemalefacelower16_01.blp,Character\Pandaren\Female\PandaFemaleFaceUpper16_01.blp,,17,16,13
25302,20,1,1,Character\Pandaren\Female\pandafemalefacelower17_00.blp,Character\Pandaren\Female\PandaFemaleFaceUpper17_00.blp,,17,17,0
25303,20,1,1,Character\Pandaren\Female\pandafemalefacelower17_01.blp,Character\Pandaren\Female\PandaFemaleFaceUpper17_01.blp,,17,17,1
25304,20,1,1,Character\Pandaren\Female\pandafemalefacelower17_02.blp,Character\Pandaren\Female\PandaFemaleFaceUpper17_02.blp,,17,17,2
25305,20,1,1,Character\Pandaren\Female\pandafemalefacelower17_03.blp,Character\Pandaren\Female\PandaFemaleFaceUpper17_03.blp,,17,17,3
25306,20,1,1,Character\Pandaren\Female\pandafemalefacelower17_00.blp,Character\Pandaren\Female\PandaFemaleFaceUpper17_00.blp,,17,17,4
25307,20,1,1,Character\Pandaren\Female\pandafemalefacelower17_01.blp,Character\Pandaren\Female\PandaFemaleFaceUpper17_01.blp,,17,17,5
25308,20,1,1,Character\Pandaren\Female\pandafemalefacelower17_02.blp,Character\Pandaren\Female\PandaFemaleFaceUpper17_02.blp,,17,17,6
25309,20,1,1,Character\Pandaren\Female\pandafemalefacelower17_03.blp,Character\Pandaren\Female\PandaFemaleFaceUpper17_03.blp,,17,17,7
25310,20,1,1,Character\Pandaren\Female\pandafemalefacelower17_00.blp,Character\Pandaren\Female\PandaFemaleFaceUpper17_00.blp,,17,17,8
25311,20,1,1,Character\Pandaren\Female\pandafemalefacelower17_01.blp,Character\Pandaren\Female\PandaFemaleFaceUpper17_01.blp,,17,17,9
25312,20,1,1,Character\Pandaren\Female\pandafemalefacelower17_02.blp,Character\Pandaren\Female\PandaFemaleFaceUpper17_02.blp,,17,17,10
25313,20,1,1,Character\Pandaren\Female\pandafemalefacelower17_03.blp,Character\Pandaren\Female\PandaFemaleFaceUpper17_03.blp,,17,17,11
25314,20,1,1,Character\Pandaren\Female\pandafemalefacelower17_01.blp,Character\Pandaren\Female\PandaFemaleFaceUpper17_01.blp,,17,17,12
25315,20,1,1,Character\Pandaren\Female\pandafemalefacelower17_01.blp,Character\Pandaren\Female\PandaFemaleFaceUpper17_01.blp,,17,17,13
25316,20,1,1,Character\Pandaren\Female\pandafemalefacelower18_00.blp,Character\Pandaren\Female\PandaFemaleFaceUpper18_00.blp,,17,18,0
25317,20,1,1,Character\Pandaren\Female\pandafemalefacelower18_01.blp,Character\Pandaren\Female\PandaFemaleFaceUpper18_01.blp,,17,18,1
25318,20,1,1,Character\Pandaren\Female\pandafemalefacelower18_02.blp,Character\Pandaren\Female\PandaFemaleFaceUpper18_02.blp,,17,18,2
25319,20,1,1,Character\Pandaren\Female\pandafemalefacelower18_03.blp,Character\Pandaren\Female\PandaFemaleFaceUpper18_03.blp,,17,18,3
25320,20,1,1,Character\Pandaren\Female\pandafemalefacelower18_00.blp,Character\Pandaren\Female\PandaFemaleFaceUpper18_00.blp,,17,18,4
25321,20,1,1,Character\Pandaren\Female\pandafemalefacelower18_01.blp,Character\Pandaren\Female\PandaFemaleFaceUpper18_01.blp,,17,18,5
25322,20,1,1,Character\Pandaren\Female\pandafemalefacelower18_02.blp,Character\Pandaren\Female\PandaFemaleFaceUpper18_02.blp,,17,18,6
25323,20,1,1,Character\Pandaren\Female\pandafemalefacelower18_03.blp,Character\Pandaren\Female\PandaFemaleFaceUpper18_03.blp,,17,18,7
25324,20,1,1,Character\Pandaren\Female\pandafemalefacelower18_00.blp,Character\Pandaren\Female\PandaFemaleFaceUpper18_00.blp,,17,18,8
25325,20,1,1,Character\Pandaren\Female\pandafemalefacelower18_01.blp,Character\Pandaren\Female\PandaFemaleFaceUpper18_01.blp,,17,18,9
25326,20,1,1,Character\Pandaren\Female\pandafemalefacelower18_02.blp,Character\Pandaren\Female\PandaFemaleFaceUpper18_02.blp,,17,18,10
25327,20,1,1,Character\Pandaren\Female\pandafemalefacelower18_03.blp,Character\Pandaren\Female\PandaFemaleFaceUpper18_03.blp,,17,18,11
25328,20,1,1,Character\Pandaren\Female\pandafemalefacelower18_01.blp,Character\Pandaren\Female\PandaFemaleFaceUpper18_01.blp,,17,18,12
25329,20,1,1,Character\Pandaren\Female\pandafemalefacelower18_01.blp,Character\Pandaren\Female\PandaFemaleFaceUpper18_01.blp,,17,18,13
25330,20,1,1,Character\Pandaren\Female\pandafemalefacelower19_00.blp,Character\Pandaren\Female\PandaFemaleFaceUpper19_00.blp,,17,19,0
25331,20,1,1,Character\Pandaren\Female\pandafemalefacelower19_01.blp,Character\Pandaren\Female\PandaFemaleFaceUpper19_01.blp,,17,19,1
25332,20,1,1,Character\Pandaren\Female\pandafemalefacelower19_02.blp,Character\Pandaren\Female\PandaFemaleFaceUpper19_02.blp,,17,19,2
25333,20,1,1,Character\Pandaren\Female\pandafemalefacelower19_03.blp,Character\Pandaren\Female\PandaFemaleFaceUpper19_03.blp,,17,19,3
25334,20,1,1,Character\Pandaren\Female\pandafemalefacelower19_00.blp,Character\Pandaren\Female\PandaFemaleFaceUpper19_00.blp,,17,19,4
25335,20,1,1,Character\Pandaren\Female\pandafemalefacelower19_01.blp,Character\Pandaren\Female\PandaFemaleFaceUpper19_01.blp,,17,19,5
25336,20,1,1,Character\Pandaren\Female\pandafemalefacelower19_02.blp,Character\Pandaren\Female\PandaFemaleFaceUpper19_02.blp,,17,19,6
25337,20,1,1,Character\Pandaren\Female\pandafemalefacelower19_03.blp,Character\Pandaren\Female\PandaFemaleFaceUpper19_03.blp,,17,19,7
25338,20,1,1,Character\Pandaren\Female\pandafemalefacelower19_00.blp,Character\Pandaren\Female\PandaFemaleFaceUpper19_00.blp,,17,19,8
25339,20,1,1,Character\Pandaren\Female\pandafemalefacelower19_01.blp,Character\Pandaren\Female\PandaFemaleFaceUpper19_01.blp,,17,19,9
25340,20,1,1,Character\Pandaren\Female\pandafemalefacelower19_02.blp,Character\Pandaren\Female\PandaFemaleFaceUpper19_02.blp,,17,19,10
25341,20,1,1,Character\Pandaren\Female\pandafemalefacelower19_03.blp,Character\Pandaren\Female\PandaFemaleFaceUpper19_03.blp,,17,19,11
25342,20,1,1,Character\Pandaren\Female\pandafemalefacelower19_01.blp,Character\Pandaren\Female\PandaFemaleFaceUpper19_01.blp,,17,19,12
25343,20,1,1,Character\Pandaren\Female\pandafemalefacelower19_01.blp,Character\Pandaren\Female\PandaFemaleFaceUpper19_01.blp,,17,19,13
25344,20,1,3,Character\Pandaren\PandaFemaleHair_00.blp,,,17,0,0
25345,20,1,3,Character\Pandaren\PandaFemaleHair_01.blp,,,17,0,1
25346,20,1,3,Character\Pandaren\PandaFemaleHair_02.blp,,,17,0,2
25347,20,1,3,Character\Pandaren\PandaFemaleHair_03.blp,,,17,0,3
25348,20,1,3,Character\Pandaren\PandaFemaleHair_04.blp,,,17,0,4
25349,20,1,3,Character\Pandaren\PandaFemaleHair_05.blp,,,17,0,5
25350,20,1,3,Character\Pandaren\PandaFemaleHair_06.blp,,,17,0,6
25351,20,1,3,Character\Pandaren\PandaFemaleHair_07.blp,,,17,0,7
25352,20,1,3,Character\Pandaren\Female\PandaFemaleSkinExtra00_00.blp,,,17,0,8
25353,20,1,3,Character\Pandaren\Female\PandaFemaleSkinExtra00_01.blp,,,17,0,9
25354,20,1,3,Character\Pandaren\Female\PandaFemaleSkinExtra00_02.blp,,,17,0,10
25355,20,1,3,Character\Pandaren\Female\PandaFemaleSkinExtra00_03.blp,,,17,0,11
25356,20,1,3,Character\Pandaren\PandaFemaleHair_00.blp,,,1,1,0
25357,20,1,3,Character\Pandaren\PandaFemaleHair_01.blp,,,17,1,1
25358,20,1,3,Character\Pandaren\PandaFemaleHair_02.blp,,,17,1,2
25359,20,1,3,Character\Pandaren\PandaFemaleHair_03.blp,,,17,1,3
25360,20,1,3,Character\Pandaren\PandaFemaleHair_04.blp,,,17,1,4
25361,20,1,3,Character\Pandaren\PandaFemaleHair_05.blp,,,17,1,5
25362,20,1,3,Character\Pandaren\PandaFemaleHair_06.blp,,,17,1,6
25363,20,1,3,Character\Pandaren\PandaFemaleHair_07.blp,,,17,1,7
25364,20,1,3,Character\Pandaren\Female\PandaFemaleSkinExtra00_00.blp,,,17,1,8
25365,20,1,3,Character\Pandaren\Female\PandaFemaleSkinExtra00_01.blp,,,17,1,9
25366,20,1,3,Character\Pandaren\Female\PandaFemaleSkinExtra00_02.blp,,,17,1,10
25367,20,1,3,Character\Pandaren\Female\PandaFemaleSkinExtra00_03.blp,,,17,1,11
25368,20,1,3,Character\Pandaren\PandaFemaleHair_00.blp,,,17,2,0
25369,20,1,3,Character\Pandaren\PandaFemaleHair_01.blp,,,17,2,1
25370,20,1,3,Character\Pandaren\PandaFemaleHair_02.blp,,,17,2,2
25371,20,1,3,Character\Pandaren\PandaFemaleHair_03.blp,,,17,2,3
25372,20,1,3,Character\Pandaren\PandaFemaleHair_04.blp,,,17,2,4
25373,20,1,3,Character\Pandaren\PandaFemaleHair_05.blp,,,17,2,5
25374,20,1,3,Character\Pandaren\PandaFemaleHair_06.blp,,,17,2,6
25375,20,1,3,Character\Pandaren\PandaFemaleHair_07.blp,,,17,2,7
25376,20,1,3,Character\Pandaren\Female\PandaFemaleSkinExtra00_00.blp,,,17,2,8
25377,20,1,3,Character\Pandaren\Female\PandaFemaleSkinExtra00_01.blp,,,17,2,9
25378,20,1,3,Character\Pandaren\Female\PandaFemaleSkinExtra00_02.blp,,,17,2,10
25379,20,1,3,Character\Pandaren\Female\PandaFemaleSkinExtra00_03.blp,,,17,2,11
25380,20,1,3,Character\Pandaren\PandaFemaleHair_00.blp,,,1,3,0
25381,20,1,3,Character\Pandaren\PandaFemaleHair_01.blp,,,17,3,1
25382,20,1,3,Character\Pandaren\PandaFemaleHair_02.blp,,,17,3,2
25383,20,1,3,Character\Pandaren\PandaFemaleHair_03.blp,,,17,3,3
25384,20,1,3,Character\Pandaren\PandaFemaleHair_04.blp,,,17,3,4
25385,20,1,3,Character\Pandaren\PandaFemaleHair_05.blp,,,17,3,5
25386,20,1,3,Character\Pandaren\PandaFemaleHair_06.blp,,,17,3,6
25387,20,1,3,Character\Pandaren\PandaFemaleHair_07.blp,,,17,3,7
25388,20,1,3,Character\Pandaren\Female\PandaFemaleSkinExtra00_00.blp,,,17,3,8
25389,20,1,3,Character\Pandaren\Female\PandaFemaleSkinExtra00_01.blp,,,17,3,9
25390,20,1,3,Character\Pandaren\Female\PandaFemaleSkinExtra00_02.blp,,,17,3,10
25391,20,1,3,Character\Pandaren\Female\PandaFemaleSkinExtra00_03.blp,,,17,3,11
25404,20,1,3,Character\Pandaren\PandaFemaleHair_00.blp,,,1,4,0
25405,20,1,3,Character\Pandaren\PandaFemaleHair_01.blp,,,17,4,1
25406,20,1,3,Character\Pandaren\PandaFemaleHair_02.blp,,,17,4,2
25407,20,1,3,Character\Pandaren\PandaFemaleHair_03.blp,,,17,4,3
25408,20,1,3,Character\Pandaren\PandaFemaleHair_04.blp,,,17,4,4
25409,20,1,3,Character\Pandaren\PandaFemaleHair_05.blp,,,17,4,5
25410,20,1,3,Character\Pandaren\PandaFemaleHair_06.blp,,,17,4,6
25411,20,1,3,Character\Pandaren\PandaFemaleHair_07.blp,,,17,4,7
25412,20,1,3,Character\Pandaren\Female\PandaFemaleSkinExtra00_00.blp,,,17,4,8
25413,20,1,3,Character\Pandaren\Female\PandaFemaleSkinExtra00_01.blp,,,17,4,9
25414,20,1,3,Character\Pandaren\Female\PandaFemaleSkinExtra00_02.blp,,,17,4,10
25415,20,1,3,Character\Pandaren\Female\PandaFemaleSkinExtra00_03.blp,,,17,4,11
25416,20,1,3,Character\Pandaren\PandaFemaleHair_00.blp,,,1,5,0
25417,20,1,3,Character\Pandaren\PandaFemaleHair_01.blp,,,17,5,1
25418,20,1,3,Character\Pandaren\PandaFemaleHair_02.blp,,,17,5,2
25419,20,1,3,Character\Pandaren\PandaFemaleHair_03.blp,,,17,5,3
25420,20,1,3,Character\Pandaren\PandaFemaleHair_04.blp,,,17,5,4
25421,20,1,3,Character\Pandaren\PandaFemaleHair_05.blp,,,17,5,5
25422,20,1,3,Character\Pandaren\PandaFemaleHair_06.blp,,,17,5,6
25423,20,1,3,Character\Pandaren\PandaFemaleHair_07.blp,,,17,5,7
25424,20,1,3,Character\Pandaren\Female\PandaFemaleSkinExtra00_00.blp,,,17,5,8
25425,20,1,3,Character\Pandaren\Female\PandaFemaleSkinExtra00_01.blp,,,17,5,9
25426,20,1,3,Character\Pandaren\Female\PandaFemaleSkinExtra00_02.blp,,,17,5,10
25427,20,1,3,Character\Pandaren\Female\PandaFemaleSkinExtra00_03.blp,,,17,5,11
25464,20,1,3,Character\Pandaren\PandaFemaleHair_00.blp,,,1,6,0
25465,20,1,3,Character\Pandaren\PandaFemaleHair_01.blp,,,17,6,1
25466,20,1,3,Character\Pandaren\PandaFemaleHair_02.blp,,,17,6,2
25467,20,1,3,Character\Pandaren\PandaFemaleHair_03.blp,,,17,6,3
25468,20,1,3,Character\Pandaren\PandaFemaleHair_04.blp,,,17,6,4
25469,20,1,3,Character\Pandaren\PandaFemaleHair_05.blp,,,17,6,5
25470,20,1,3,Character\Pandaren\PandaFemaleHair_06.blp,,,17,6,6
25471,20,1,3,Character\Pandaren\PandaFemaleHair_07.blp,,,17,6,7
25472,20,1,3,Character\Pandaren\Female\PandaFemaleSkinExtra00_00.blp,,,17,6,8
25473,20,1,3,Character\Pandaren\Female\PandaFemaleSkinExtra00_01.blp,,,17,6,9
25474,20,1,3,Character\Pandaren\Female\PandaFemaleSkinExtra00_02.blp,,,17,6,10
25475,20,1,3,Character\Pandaren\Female\PandaFemaleSkinExtra00_03.blp,,,17,6,11
25488,20,1,3,Character\Pandaren\PandaFemaleHair_00.blp,,,1,7,0
25489,20,1,3,Character\Pandaren\PandaFemaleHair_01.blp,,,17,7,1
25490,20,1,3,Character\Pandaren\PandaFemaleHair_02.blp,,,17,7,2
25491,20,1,3,Character\Pandaren\PandaFemaleHair_03.blp,,,17,7,3
25492,20,1,3,Character\Pandaren\PandaFemaleHair_04.blp,,,17,7,4
25493,20,1,3,Character\Pandaren\PandaFemaleHair_05.blp,,,17,7,5
25494,20,1,3,Character\Pandaren\PandaFemaleHair_06.blp,,,17,7,6
25495,20,1,3,Character\Pandaren\PandaFemaleHair_07.blp,,,17,7,7
25496,20,1,3,Character\Pandaren\Female\PandaFemaleSkinExtra00_00.blp,,,17,7,8
25497,20,1,3,Character\Pandaren\Female\PandaFemaleSkinExtra00_01.blp,,,17,7,9
25498,20,1,3,Character\Pandaren\Female\PandaFemaleSkinExtra00_02.blp,,,17,7,10
25499,20,1,3,Character\Pandaren\Female\PandaFemaleSkinExtra00_03.blp,,,17,7,11
25512,20,1,3,Character\Pandaren\PandaFemaleHair_00.blp,,,1,8,0
25513,20,1,3,Character\Pandaren\PandaFemaleHair_01.blp,,,17,8,1
25514,20,1,3,Character\Pandaren\PandaFemaleHair_02.blp,,,17,8,2
25515,20,1,3,Character\Pandaren\PandaFemaleHair_03.blp,,,17,8,3
25516,20,1,3,Character\Pandaren\PandaFemaleHair_04.blp,,,17,8,4
25517,20,1,3,Character\Pandaren\PandaFemaleHair_05.blp,,,17,8,5
25518,20,1,3,Character\Pandaren\PandaFemaleHair_06.blp,,,17,8,6
25519,20,1,3,Character\Pandaren\PandaFemaleHair_07.blp,,,17,8,7
25520,20,1,3,Character\Pandaren\Female\PandaFemaleSkinExtra00_00.blp,,,17,8,8
25521,20,1,3,Character\Pandaren\Female\PandaFemaleSkinExtra00_01.blp,,,17,8,9
25522,20,1,3,Character\Pandaren\Female\PandaFemaleSkinExtra00_02.blp,,,17,8,10
25523,20,1,3,Character\Pandaren\Female\PandaFemaleSkinExtra00_03.blp,,,17,8,11
25536,20,1,3,Character\Pandaren\PandaFemaleHair_00.blp,,,1,9,0
25537,20,1,3,Character\Pandaren\PandaFemaleHair_01.blp,,,17,9,1
25538,20,1,3,Character\Pandaren\PandaFemaleHair_02.blp,,,17,9,2
25539,20,1,3,Character\Pandaren\PandaFemaleHair_03.blp,,,17,9,3
25540,20,1,3,Character\Pandaren\PandaFemaleHair_04.blp,,,17,9,4
25541,20,1,3,Character\Pandaren\PandaFemaleHair_05.blp,,,17,9,5
25542,20,1,3,Character\Pandaren\PandaFemaleHair_06.blp,,,17,9,6
25543,20,1,3,Character\Pandaren\PandaFemaleHair_07.blp,,,17,9,7
25544,20,1,3,Character\Pandaren\Female\PandaFemaleSkinExtra00_00.blp,,,17,9,8
25545,20,1,3,Character\Pandaren\Female\PandaFemaleSkinExtra00_01.blp,,,17,9,9
25546,20,1,3,Character\Pandaren\Female\PandaFemaleSkinExtra00_02.blp,,,17,9,10
25547,20,1,3,Character\Pandaren\Female\PandaFemaleSkinExtra00_03.blp,,,17,9,11
25548,20,1,4,Character\Pandaren\Female\PandaFemaleNakedPelvisSkin00_00.blp,Character\Pandaren\Female\PandaFemaleNakedTorsoSkin00_00.blp,,17,0,0
25549,20,1,4,Character\Pandaren\Female\PandaFemaleNakedPelvisSkin00_01.blp,Character\Pandaren\Female\PandaFemaleNakedTorsoSkin00_01.blp,,17,0,1
25550,20,1,4,Character\Pandaren\Female\PandaFemaleNakedPelvisSkin00_02.blp,Character\Pandaren\Female\PandaFemaleNakedTorsoSkin00_02.blp,,17,0,2
25551,20,1,4,Character\Pandaren\Female\PandaFemaleNakedPelvisSkin00_03.blp,Character\Pandaren\Female\PandaFemaleNakedTorsoSkin00_03.blp,,17,0,3
25552,20,1,4,Character\Pandaren\Female\PandaFemaleNakedPelvisSkin00_04.blp,Character\Pandaren\Female\PandaFemaleNakedTorsoSkin00_04.blp,,17,0,4
25553,20,1,4,Character\Pandaren\Female\PandaFemaleNakedPelvisSkin00_05.blp,Character\Pandaren\Female\PandaFemaleNakedTorsoSkin00_05.blp,,17,0,5
25554,20,1,4,Character\Pandaren\Female\PandaFemaleNakedPelvisSkin00_06.blp,Character\Pandaren\Female\PandaFemaleNakedTorsoSkin00_06.blp,,17,0,6
25555,20,1,4,Character\Pandaren\Female\PandaFemaleNakedPelvisSkin00_07.blp,Character\Pandaren\Female\PandaFemaleNakedTorsoSkin00_07.blp,,17,0,7
25556,20,1,4,Character\Pandaren\Female\PandaFemaleNakedPelvisSkin00_08.blp,Character\Pandaren\Female\PandaFemaleNakedTorsoSkin00_08.blp,,17,0,8
25557,20,1,4,Character\Pandaren\Female\PandaFemaleNakedPelvisSkin00_09.blp,Character\Pandaren\Female\PandaFemaleNakedTorsoSkin00_09.blp,,17,0,9
25558,20,1,4,Character\Pandaren\Female\PandaFemaleNakedPelvisSkin00_10.blp,Character\Pandaren\Female\PandaFemaleNakedTorsoSkin00_10.blp,,17,0,10
25559,20,1,4,Character\Pandaren\Female\PandaFemaleNakedPelvisSkin00_11.blp,Character\Pandaren\Female\PandaFemaleNakedTorsoSkin00_11.blp,,17,0,11
25560,20,1,4,Character\Pandaren\Female\PandaFemaleNakedPelvisSkin00_12.blp,Character\Pandaren\Female\PandaFemaleNakedTorsoSkin00_12.blp,,17,0,12
25561,20,1,4,Character\Pandaren\Female\PandaFemaleNakedPelvisSkin00_13.blp,Character\Pandaren\Female\PandaFemaleNakedTorsoSkin00_13.blp,,17,0,13
25562,21,0,0,Character\Pandaren\Male\PandaMaleSkin00_00.blp,Character\Pandaren\Male\PandaMaleSkinExtra00_00.blp,,17,0,0
25563,21,0,0,Character\Pandaren\Male\PandaMaleSkin00_01.blp,Character\Pandaren\Male\PandaMaleSkinExtra00_01.blp,,17,0,1
25564,21,0,0,Character\Pandaren\Male\PandaMaleSkin00_02.blp,Character\Pandaren\Male\PandaMaleSkinExtra00_02.blp,,17,0,2
25565,21,0,0,Character\Pandaren\Male\PandaMaleSkin00_03.blp,Character\Pandaren\Male\PandaMaleSkinExtra00_03.blp,,17,0,3
25566,21,0,0,Character\Pandaren\Male\PandaMaleSkin00_04.blp,Character\Pandaren\Male\PandaMaleSkinExtra00_04.blp,,17,0,4
25567,21,0,0,Character\Pandaren\Male\PandaMaleSkin00_05.blp,Character\Pandaren\Male\PandaMaleSkinExtra00_05.blp,,17,0,5
25568,21,0,0,Character\Pandaren\Male\PandaMaleSkin00_06.blp,Character\Pandaren\Male\PandaMaleSkinExtra00_00.blp,,17,0,6
25569,21,0,0,Character\Pandaren\Male\PandaMaleSkin00_07.blp,Character\Pandaren\Male\PandaMaleSkinExtra00_01.blp,,17,0,7
25570,21,0,0,Character\Pandaren\Male\PandaMaleSkin00_08.blp,Character\Pandaren\Male\PandaMaleSkinExtra00_02.blp,,17,0,8
25571,21,0,0,Character\Pandaren\Male\PandaMaleSkin00_09.blp,Character\Pandaren\Male\PandaMaleSkinExtra00_03.blp,,17,0,9
25572,21,0,0,Character\Pandaren\Male\PandaMaleSkin00_10.blp,Character\Pandaren\Male\PandaMaleSkinExtra00_04.blp,,17,0,10
25573,21,0,0,Character\Pandaren\Male\PandaMaleSkin00_11.blp,Character\Pandaren\Male\PandaMaleSkinExtra00_01.blp,,17,0,11
25574,21,0,0,Character\Pandaren\Male\PandaMaleSkin00_12.blp,Character\Pandaren\Male\PandaMaleSkinExtra00_02.blp,,17,0,12
25575,21,0,0,Character\Pandaren\Male\PandaMaleSkin00_13.blp,Character\Pandaren\Male\PandaMaleSkinExtra00_03.blp,,17,0,13
25576,21,0,1,Character\Pandaren\Male\pandamalefacelower00_00.blp,Character\Pandaren\Male\PandaMaleFaceUpper00_00.blp,,17,0,0
25577,21,0,1,Character\Pandaren\Male\pandamalefacelower00_01.blp,Character\Pandaren\Male\PandaMaleFaceUpper00_01.blp,,17,0,1
25578,21,0,1,Character\Pandaren\Male\pandamalefacelower00_02.blp,Character\Pandaren\Male\PandaMaleFaceUpper00_02.blp,,17,0,2
25579,21,0,1,Character\Pandaren\Male\pandamalefacelower00_03.blp,Character\Pandaren\Male\PandaMaleFaceUpper00_03.blp,,17,0,3
25580,21,0,1,Character\Pandaren\Male\pandamalefacelower00_04.blp,Character\Pandaren\Male\PandaMaleFaceUpper00_04.blp,,17,0,4
25581,21,0,1,Character\Pandaren\Male\pandamalefacelower00_05.blp,Character\Pandaren\Male\PandaMaleFaceUpper00_05.blp,,17,0,5
25582,21,0,1,Character\Pandaren\Male\pandamalefacelower00_00.blp,Character\Pandaren\Male\PandaMaleFaceUpper00_00.blp,,17,0,6
25583,21,0,1,Character\Pandaren\Male\pandamalefacelower00_01.blp,Character\Pandaren\Male\PandaMaleFaceUpper00_01.blp,,17,0,7
25584,21,0,1,Character\Pandaren\Male\pandamalefacelower00_02.blp,Character\Pandaren\Male\PandaMaleFaceUpper00_02.blp,,17,0,8
25585,21,0,1,Character\Pandaren\Male\pandamalefacelower00_03.blp,Character\Pandaren\Male\PandaMaleFaceUpper00_03.blp,,17,0,9
25586,21,0,1,Character\Pandaren\Male\pandamalefacelower00_04.blp,Character\Pandaren\Male\PandaMaleFaceUpper00_04.blp,,17,0,10
25587,21,0,1,Character\Pandaren\Male\pandamalefacelower00_01.blp,Character\Pandaren\Male\PandaMaleFaceUpper00_01.blp,,17,0,11
25588,21,0,1,Character\Pandaren\Male\pandamalefacelower00_02.blp,Character\Pandaren\Male\PandaMaleFaceUpper00_02.blp,,17,0,12
25589,21,0,1,Character\Pandaren\Male\pandamalefacelower00_03.blp,Character\Pandaren\Male\PandaMaleFaceUpper00_03.blp,,17,0,13
25590,21,0,1,Character\Pandaren\Male\pandamalefacelower01_00.blp,Character\Pandaren\Male\PandaMaleFaceUpper01_00.blp,,17,1,0
25591,21,0,1,Character\Pandaren\Male\pandamalefacelower01_01.blp,Character\Pandaren\Male\PandaMaleFaceUpper01_01.blp,,17,1,1
25592,21,0,1,Character\Pandaren\Male\pandamalefacelower01_02.blp,Character\Pandaren\Male\PandaMaleFaceUpper01_02.blp,,17,1,2
25593,21,0,1,Character\Pandaren\Male\pandamalefacelower01_03.blp,Character\Pandaren\Male\PandaMaleFaceUpper01_03.blp,,17,1,3
25594,21,0,1,Character\Pandaren\Male\pandamalefacelower01_04.blp,Character\Pandaren\Male\PandaMaleFaceUpper01_04.blp,,17,1,4
25595,21,0,1,Character\Pandaren\Male\pandamalefacelower01_05.blp,Character\Pandaren\Male\PandaMaleFaceUpper01_05.blp,,17,1,5
25596,21,0,1,Character\Pandaren\Male\pandamalefacelower01_00.blp,Character\Pandaren\Male\PandaMaleFaceUpper01_00.blp,,17,1,6
25597,21,0,1,Character\Pandaren\Male\pandamalefacelower01_01.blp,Character\Pandaren\Male\PandaMaleFaceUpper01_01.blp,,17,1,7
25598,21,0,1,Character\Pandaren\Male\pandamalefacelower01_02.blp,Character\Pandaren\Male\PandaMaleFaceUpper01_02.blp,,17,1,8
25599,21,0,1,Character\Pandaren\Male\pandamalefacelower01_03.blp,Character\Pandaren\Male\PandaMaleFaceUpper01_03.blp,,17,1,9
25600,21,0,1,Character\Pandaren\Male\pandamalefacelower01_04.blp,Character\Pandaren\Male\PandaMaleFaceUpper01_04.blp,,17,1,10
25601,21,0,1,Character\Pandaren\Male\pandamalefacelower01_01.blp,Character\Pandaren\Male\PandaMaleFaceUpper01_01.blp,,17,1,11
25602,21,0,1,Character\Pandaren\Male\pandamalefacelower01_02.blp,Character\Pandaren\Male\PandaMaleFaceUpper01_02.blp,,17,1,12
25603,21,0,1,Character\Pandaren\Male\pandamalefacelower01_03.blp,Character\Pandaren\Male\PandaMaleFaceUpper01_03.blp,,17,1,13
25604,21,0,1,Character\Pandaren\Male\pandamalefacelower02_00.blp,Character\Pandaren\Male\PandaMaleFaceUpper02_00.blp,,17,2,0
25605,21,0,1,Character\Pandaren\Male\pandamalefacelower02_01.blp,Character\Pandaren\Male\PandaMaleFaceUpper02_01.blp,,17,2,1
25606,21,0,1,Character\Pandaren\Male\pandamalefacelower02_02.blp,Character\Pandaren\Male\PandaMaleFaceUpper02_02.blp,,17,2,2
25607,21,0,1,Character\Pandaren\Male\pandamalefacelower02_03.blp,Character\Pandaren\Male\PandaMaleFaceUpper02_03.blp,,17,2,3
25608,21,0,1,Character\Pandaren\Male\pandamalefacelower02_04.blp,Character\Pandaren\Male\PandaMaleFaceUpper02_04.blp,,17,2,4
25609,21,0,1,Character\Pandaren\Male\pandamalefacelower02_05.blp,Character\Pandaren\Male\PandaMaleFaceUpper02_05.blp,,17,2,5
25610,21,0,1,Character\Pandaren\Male\pandamalefacelower02_00.blp,Character\Pandaren\Male\PandaMaleFaceUpper02_00.blp,,17,2,6
25611,21,0,1,Character\Pandaren\Male\pandamalefacelower02_01.blp,Character\Pandaren\Male\PandaMaleFaceUpper02_01.blp,,17,2,7
25612,21,0,1,Character\Pandaren\Male\pandamalefacelower02_02.blp,Character\Pandaren\Male\PandaMaleFaceUpper02_02.blp,,17,2,8
25613,21,0,1,Character\Pandaren\Male\pandamalefacelower02_03.blp,Character\Pandaren\Male\PandaMaleFaceUpper02_03.blp,,17,2,9
25614,21,0,1,Character\Pandaren\Male\pandamalefacelower02_04.blp,Character\Pandaren\Male\PandaMaleFaceUpper02_04.blp,,17,2,10
25615,21,0,1,Character\Pandaren\Male\pandamalefacelower02_01.blp,Character\Pandaren\Male\PandaMaleFaceUpper02_01.blp,,17,2,11
25616,21,0,1,Character\Pandaren\Male\pandamalefacelower02_02.blp,Character\Pandaren\Male\PandaMaleFaceUpper02_02.blp,,17,2,12
25617,21,0,1,Character\Pandaren\Male\pandamalefacelower02_03.blp,Character\Pandaren\Male\PandaMaleFaceUpper02_03.blp,,17,2,13
25618,21,0,1,Character\Pandaren\Male\pandamalefacelower03_00.blp,Character\Pandaren\Male\PandaMaleFaceUpper03_00.blp,,17,3,0
25619,21,0,1,Character\Pandaren\Male\pandamalefacelower03_01.blp,Character\Pandaren\Male\PandaMaleFaceUpper03_01.blp,,17,3,1
25620,21,0,1,Character\Pandaren\Male\pandamalefacelower03_02.blp,Character\Pandaren\Male\PandaMaleFaceUpper03_02.blp,,17,3,2
25621,21,0,1,Character\Pandaren\Male\pandamalefacelower03_03.blp,Character\Pandaren\Male\PandaMaleFaceUpper03_03.blp,,17,3,3
25622,21,0,1,Character\Pandaren\Male\pandamalefacelower03_04.blp,Character\Pandaren\Male\PandaMaleFaceUpper03_04.blp,,17,3,4
25623,21,0,1,Character\Pandaren\Male\pandamalefacelower03_05.blp,Character\Pandaren\Male\PandaMaleFaceUpper03_05.blp,,17,3,5
25624,21,0,1,Character\Pandaren\Male\pandamalefacelower03_00.blp,Character\Pandaren\Male\PandaMaleFaceUpper03_00.blp,,17,3,6
25625,21,0,1,Character\Pandaren\Male\pandamalefacelower03_01.blp,Character\Pandaren\Male\PandaMaleFaceUpper03_01.blp,,17,3,7
25626,21,0,1,Character\Pandaren\Male\pandamalefacelower03_02.blp,Character\Pandaren\Male\PandaMaleFaceUpper03_02.blp,,17,3,8
25627,21,0,1,Character\Pandaren\Male\pandamalefacelower03_03.blp,Character\Pandaren\Male\PandaMaleFaceUpper03_03.blp,,17,3,9
25628,21,0,1,Character\Pandaren\Male\pandamalefacelower03_04.blp,Character\Pandaren\Male\PandaMaleFaceUpper03_04.blp,,17,3,10
25629,21,0,1,Character\Pandaren\Male\pandamalefacelower03_01.blp,Character\Pandaren\Male\PandaMaleFaceUpper03_01.blp,,17,3,11
25630,21,0,1,Character\Pandaren\Male\pandamalefacelower03_02.blp,Character\Pandaren\Male\PandaMaleFaceUpper03_02.blp,,17,3,12
25631,21,0,1,Character\Pandaren\Male\pandamalefacelower03_03.blp,Character\Pandaren\Male\PandaMaleFaceUpper03_03.blp,,17,3,13
25632,21,0,1,Character\Pandaren\Male\pandamalefacelower04_00.blp,Character\Pandaren\Male\PandaMaleFaceUpper04_00.blp,,17,4,0
25633,21,0,1,Character\Pandaren\Male\pandamalefacelower04_01.blp,Character\Pandaren\Male\PandaMaleFaceUpper04_01.blp,,17,4,1
25634,21,0,1,Character\Pandaren\Male\pandamalefacelower04_02.blp,Character\Pandaren\Male\PandaMaleFaceUpper04_02.blp,,17,4,2
25635,21,0,1,Character\Pandaren\Male\pandamalefacelower04_03.blp,Character\Pandaren\Male\PandaMaleFaceUpper04_03.blp,,17,4,3
25636,21,0,1,Character\Pandaren\Male\pandamalefacelower04_04.blp,Character\Pandaren\Male\PandaMaleFaceUpper04_04.blp,,17,4,4
25637,21,0,1,Character\Pandaren\Male\pandamalefacelower04_05.blp,Character\Pandaren\Male\PandaMaleFaceUpper04_05.blp,,17,4,5
25638,21,0,1,Character\Pandaren\Male\pandamalefacelower04_00.blp,Character\Pandaren\Male\PandaMaleFaceUpper04_00.blp,,17,4,6
25639,21,0,1,Character\Pandaren\Male\pandamalefacelower04_01.blp,Character\Pandaren\Male\PandaMaleFaceUpper04_01.blp,,17,4,7
25640,21,0,1,Character\Pandaren\Male\pandamalefacelower04_02.blp,Character\Pandaren\Male\PandaMaleFaceUpper04_02.blp,,17,4,8
25641,21,0,1,Character\Pandaren\Male\pandamalefacelower04_03.blp,Character\Pandaren\Male\PandaMaleFaceUpper04_03.blp,,17,4,9
25642,21,0,1,Character\Pandaren\Male\pandamalefacelower04_04.blp,Character\Pandaren\Male\PandaMaleFaceUpper04_04.blp,,17,4,10
25643,21,0,1,Character\Pandaren\Male\pandamalefacelower04_01.blp,Character\Pandaren\Male\PandaMaleFaceUpper04_01.blp,,17,4,11
25644,21,0,1,Character\Pandaren\Male\pandamalefacelower04_02.blp,Character\Pandaren\Male\PandaMaleFaceUpper04_02.blp,,17,4,12
25645,21,0,1,Character\Pandaren\Male\pandamalefacelower04_03.blp,Character\Pandaren\Male\PandaMaleFaceUpper04_03.blp,,17,4,13
25646,21,0,1,Character\Pandaren\Male\pandamalefacelower05_00.blp,Character\Pandaren\Male\PandaMaleFaceUpper05_00.blp,,17,5,0
25647,21,0,1,Character\Pandaren\Male\pandamalefacelower05_01.blp,Character\Pandaren\Male\PandaMaleFaceUpper05_01.blp,,17,5,1
25648,21,0,1,Character\Pandaren\Male\pandamalefacelower05_02.blp,Character\Pandaren\Male\PandaMaleFaceUpper05_02.blp,,17,5,2
25649,21,0,1,Character\Pandaren\Male\pandamalefacelower05_03.blp,Character\Pandaren\Male\PandaMaleFaceUpper05_03.blp,,17,5,3
25650,21,0,1,Character\Pandaren\Male\pandamalefacelower05_04.blp,Character\Pandaren\Male\PandaMaleFaceUpper05_04.blp,,17,5,4
25651,21,0,1,Character\Pandaren\Male\pandamalefacelower05_05.blp,Character\Pandaren\Male\PandaMaleFaceUpper05_05.blp,,17,5,5
25652,21,0,1,Character\Pandaren\Male\pandamalefacelower05_00.blp,Character\Pandaren\Male\PandaMaleFaceUpper05_00.blp,,17,5,6
25653,21,0,1,Character\Pandaren\Male\pandamalefacelower05_01.blp,Character\Pandaren\Male\PandaMaleFaceUpper05_01.blp,,17,5,7
25654,21,0,1,Character\Pandaren\Male\pandamalefacelower05_02.blp,Character\Pandaren\Male\PandaMaleFaceUpper05_02.blp,,17,5,8
25655,21,0,1,Character\Pandaren\Male\pandamalefacelower05_03.blp,Character\Pandaren\Male\PandaMaleFaceUpper05_03.blp,,17,5,9
25656,21,0,1,Character\Pandaren\Male\pandamalefacelower05_04.blp,Character\Pandaren\Male\PandaMaleFaceUpper05_04.blp,,17,5,10
25657,21,0,1,Character\Pandaren\Male\pandamalefacelower05_01.blp,Character\Pandaren\Male\PandaMaleFaceUpper05_01.blp,,17,5,11
25658,21,0,1,Character\Pandaren\Male\pandamalefacelower05_02.blp,Character\Pandaren\Male\PandaMaleFaceUpper05_02.blp,,17,5,12
25659,21,0,1,Character\Pandaren\Male\pandamalefacelower05_03.blp,Character\Pandaren\Male\PandaMaleFaceUpper05_03.blp,,17,5,13
25660,21,0,1,Character\Pandaren\Male\pandamalefacelower06_00.blp,Character\Pandaren\Male\PandaMaleFaceUpper06_00.blp,,17,6,0
25661,21,0,1,Character\Pandaren\Male\pandamalefacelower06_01.blp,Character\Pandaren\Male\PandaMaleFaceUpper06_01.blp,,17,6,1
25662,21,0,1,Character\Pandaren\Male\pandamalefacelower06_02.blp,Character\Pandaren\Male\PandaMaleFaceUpper06_02.blp,,17,6,2
25663,21,0,1,Character\Pandaren\Male\pandamalefacelower06_03.blp,Character\Pandaren\Male\PandaMaleFaceUpper06_03.blp,,17,6,3
25664,21,0,1,Character\Pandaren\Male\pandamalefacelower06_04.blp,Character\Pandaren\Male\PandaMaleFaceUpper06_04.blp,,17,6,4
25665,21,0,1,Character\Pandaren\Male\pandamalefacelower06_05.blp,Character\Pandaren\Male\PandaMaleFaceUpper06_05.blp,,17,6,5
25666,21,0,1,Character\Pandaren\Male\pandamalefacelower06_00.blp,Character\Pandaren\Male\PandaMaleFaceUpper06_00.blp,,17,6,6
25667,21,0,1,Character\Pandaren\Male\pandamalefacelower06_01.blp,Character\Pandaren\Male\PandaMaleFaceUpper06_01.blp,,17,6,7
25668,21,0,1,Character\Pandaren\Male\pandamalefacelower06_02.blp,Character\Pandaren\Male\PandaMaleFaceUpper06_02.blp,,17,6,8
25669,21,0,1,Character\Pandaren\Male\pandamalefacelower06_03.blp,Character\Pandaren\Male\PandaMaleFaceUpper06_03.blp,,17,6,9
25670,21,0,1,Character\Pandaren\Male\pandamalefacelower06_04.blp,Character\Pandaren\Male\PandaMaleFaceUpper06_04.blp,,17,6,10
25671,21,0,1,Character\Pandaren\Male\pandamalefacelower06_01.blp,Character\Pandaren\Male\PandaMaleFaceUpper06_01.blp,,17,6,11
25672,21,0,1,Character\Pandaren\Male\pandamalefacelower06_02.blp,Character\Pandaren\Male\PandaMaleFaceUpper06_02.blp,,17,6,12
25673,21,0,1,Character\Pandaren\Male\pandamalefacelower06_03.blp,Character\Pandaren\Male\PandaMaleFaceUpper06_03.blp,,17,6,13
25674,21,0,1,Character\Pandaren\Male\pandamalefacelower07_00.blp,Character\Pandaren\Male\PandaMaleFaceUpper07_00.blp,,17,7,0
25675,21,0,1,Character\Pandaren\Male\pandamalefacelower07_01.blp,Character\Pandaren\Male\PandaMaleFaceUpper07_01.blp,,17,7,1
25676,21,0,1,Character\Pandaren\Male\pandamalefacelower07_02.blp,Character\Pandaren\Male\PandaMaleFaceUpper07_02.blp,,17,7,2
25677,21,0,1,Character\Pandaren\Male\pandamalefacelower07_03.blp,Character\Pandaren\Male\PandaMaleFaceUpper07_03.blp,,17,7,3
25678,21,0,1,Character\Pandaren\Male\pandamalefacelower07_04.blp,Character\Pandaren\Male\PandaMaleFaceUpper07_04.blp,,17,7,4
25679,21,0,1,Character\Pandaren\Male\pandamalefacelower07_05.blp,Character\Pandaren\Male\PandaMaleFaceUpper07_05.blp,,17,7,5
25680,21,0,1,Character\Pandaren\Male\pandamalefacelower07_00.blp,Character\Pandaren\Male\PandaMaleFaceUpper07_00.blp,,17,7,6
25681,21,0,1,Character\Pandaren\Male\pandamalefacelower07_01.blp,Character\Pandaren\Male\PandaMaleFaceUpper07_01.blp,,17,7,7
25682,21,0,1,Character\Pandaren\Male\pandamalefacelower07_02.blp,Character\Pandaren\Male\PandaMaleFaceUpper07_02.blp,,17,7,8
25683,21,0,1,Character\Pandaren\Male\pandamalefacelower07_03.blp,Character\Pandaren\Male\PandaMaleFaceUpper07_03.blp,,17,7,9
25684,21,0,1,Character\Pandaren\Male\pandamalefacelower07_04.blp,Character\Pandaren\Male\PandaMaleFaceUpper07_04.blp,,17,7,10
25685,21,0,1,Character\Pandaren\Male\pandamalefacelower07_01.blp,Character\Pandaren\Male\PandaMaleFaceUpper07_01.blp,,17,7,11
25686,21,0,1,Character\Pandaren\Male\pandamalefacelower07_02.blp,Character\Pandaren\Male\PandaMaleFaceUpper07_02.blp,,17,7,12
25687,21,0,1,Character\Pandaren\Male\pandamalefacelower07_03.blp,Character\Pandaren\Male\PandaMaleFaceUpper07_03.blp,,17,7,13
25688,21,0,1,Character\Pandaren\Male\pandamalefacelower08_00.blp,Character\Pandaren\Male\PandaMaleFaceUpper08_00.blp,,17,8,0
25689,21,0,1,Character\Pandaren\Male\pandamalefacelower08_01.blp,Character\Pandaren\Male\PandaMaleFaceUpper08_01.blp,,17,8,1
25690,21,0,1,Character\Pandaren\Male\pandamalefacelower08_02.blp,Character\Pandaren\Male\PandaMaleFaceUpper08_02.blp,,17,8,2
25691,21,0,1,Character\Pandaren\Male\pandamalefacelower08_03.blp,Character\Pandaren\Male\PandaMaleFaceUpper08_03.blp,,17,8,3
25692,21,0,1,Character\Pandaren\Male\pandamalefacelower08_04.blp,Character\Pandaren\Male\PandaMaleFaceUpper08_04.blp,,17,8,4
25693,21,0,1,Character\Pandaren\Male\pandamalefacelower08_05.blp,Character\Pandaren\Male\PandaMaleFaceUpper08_05.blp,,17,8,5
25694,21,0,1,Character\Pandaren\Male\pandamalefacelower08_00.blp,Character\Pandaren\Male\PandaMaleFaceUpper08_00.blp,,17,8,6
25695,21,0,1,Character\Pandaren\Male\pandamalefacelower08_01.blp,Character\Pandaren\Male\PandaMaleFaceUpper08_01.blp,,17,8,7
25696,21,0,1,Character\Pandaren\Male\pandamalefacelower08_02.blp,Character\Pandaren\Male\PandaMaleFaceUpper08_02.blp,,17,8,8
25697,21,0,1,Character\Pandaren\Male\pandamalefacelower08_03.blp,Character\Pandaren\Male\PandaMaleFaceUpper08_03.blp,,17,8,9
25698,21,0,1,Character\Pandaren\Male\pandamalefacelower08_04.blp,Character\Pandaren\Male\PandaMaleFaceUpper08_04.blp,,17,8,10
25699,21,0,1,Character\Pandaren\Male\pandamalefacelower08_01.blp,Character\Pandaren\Male\PandaMaleFaceUpper08_01.blp,,17,8,11
25700,21,0,1,Character\Pandaren\Male\pandamalefacelower08_02.blp,Character\Pandaren\Male\PandaMaleFaceUpper08_02.blp,,17,8,12
25701,21,0,1,Character\Pandaren\Male\pandamalefacelower08_03.blp,Character\Pandaren\Male\PandaMaleFaceUpper08_03.blp,,17,8,13
25702,21,0,1,Character\Pandaren\Male\pandamalefacelower09_00.blp,Character\Pandaren\Male\PandaMaleFaceUpper09_00.blp,,17,9,0
25703,21,0,1,Character\Pandaren\Male\pandamalefacelower09_01.blp,Character\Pandaren\Male\PandaMaleFaceUpper09_01.blp,,17,9,1
25704,21,0,1,Character\Pandaren\Male\pandamalefacelower09_02.blp,Character\Pandaren\Male\PandaMaleFaceUpper09_02.blp,,17,9,2
25705,21,0,1,Character\Pandaren\Male\pandamalefacelower09_03.blp,Character\Pandaren\Male\PandaMaleFaceUpper09_03.blp,,17,9,3
25706,21,0,1,Character\Pandaren\Male\pandamalefacelower09_04.blp,Character\Pandaren\Male\PandaMaleFaceUpper09_04.blp,,17,9,4
25707,21,0,1,Character\Pandaren\Male\pandamalefacelower09_05.blp,Character\Pandaren\Male\PandaMaleFaceUpper09_05.blp,,17,9,5
25708,21,0,1,Character\Pandaren\Male\pandamalefacelower09_00.blp,Character\Pandaren\Male\PandaMaleFaceUpper09_00.blp,,17,9,6
25709,21,0,1,Character\Pandaren\Male\pandamalefacelower09_01.blp,Character\Pandaren\Male\PandaMaleFaceUpper09_01.blp,,17,9,7
25710,21,0,1,Character\Pandaren\Male\pandamalefacelower09_02.blp,Character\Pandaren\Male\PandaMaleFaceUpper09_02.blp,,17,9,8
25711,21,0,1,Character\Pandaren\Male\pandamalefacelower09_03.blp,Character\Pandaren\Male\PandaMaleFaceUpper09_03.blp,,17,9,9
25712,21,0,1,Character\Pandaren\Male\pandamalefacelower09_04.blp,Character\Pandaren\Male\PandaMaleFaceUpper09_04.blp,,17,9,10
25713,21,0,1,Character\Pandaren\Male\pandamalefacelower09_01.blp,Character\Pandaren\Male\PandaMaleFaceUpper09_01.blp,,17,9,11
25714,21,0,1,Character\Pandaren\Male\pandamalefacelower09_02.blp,Character\Pandaren\Male\PandaMaleFaceUpper09_02.blp,,17,9,12
25715,21,0,1,Character\Pandaren\Male\pandamalefacelower09_03.blp,Character\Pandaren\Male\PandaMaleFaceUpper09_03.blp,,17,9,13
25716,21,0,1,Character\Pandaren\Male\pandamalefacelower10_00.blp,Character\Pandaren\Male\PandaMaleFaceUpper10_00.blp,,17,10,0
25717,21,0,1,Character\Pandaren\Male\pandamalefacelower10_01.blp,Character\Pandaren\Male\PandaMaleFaceUpper10_01.blp,,17,10,1
25718,21,0,1,Character\Pandaren\Male\pandamalefacelower10_02.blp,Character\Pandaren\Male\PandaMaleFaceUpper10_02.blp,,17,10,2
25719,21,0,1,Character\Pandaren\Male\pandamalefacelower10_03.blp,Character\Pandaren\Male\PandaMaleFaceUpper10_03.blp,,17,10,3
25720,21,0,1,Character\Pandaren\Male\pandamalefacelower10_04.blp,Character\Pandaren\Male\PandaMaleFaceUpper10_04.blp,,17,10,4
25721,21,0,1,Character\Pandaren\Male\pandamalefacelower10_05.blp,Character\Pandaren\Male\PandaMaleFaceUpper10_05.blp,,17,10,5
25722,21,0,1,Character\Pandaren\Male\pandamalefacelower10_00.blp,Character\Pandaren\Male\PandaMaleFaceUpper10_00.blp,,17,10,6
25723,21,0,1,Character\Pandaren\Male\pandamalefacelower10_01.blp,Character\Pandaren\Male\PandaMaleFaceUpper10_01.blp,,17,10,7
25724,21,0,1,Character\Pandaren\Male\pandamalefacelower10_02.blp,Character\Pandaren\Male\PandaMaleFaceUpper10_02.blp,,17,10,8
25725,21,0,1,Character\Pandaren\Male\pandamalefacelower10_03.blp,Character\Pandaren\Male\PandaMaleFaceUpper10_03.blp,,17,10,9
25726,21,0,1,Character\Pandaren\Male\pandamalefacelower10_04.blp,Character\Pandaren\Male\PandaMaleFaceUpper10_04.blp,,17,10,10
25727,21,0,1,Character\Pandaren\Male\pandamalefacelower10_01.blp,Character\Pandaren\Male\PandaMaleFaceUpper10_01.blp,,17,10,11
25728,21,0,1,Character\Pandaren\Male\pandamalefacelower10_02.blp,Character\Pandaren\Male\PandaMaleFaceUpper10_02.blp,,17,10,12
25729,21,0,1,Character\Pandaren\Male\pandamalefacelower10_03.blp,Character\Pandaren\Male\PandaMaleFaceUpper10_03.blp,,17,10,13
25730,21,0,1,Character\Pandaren\Male\pandamalefacelower11_00.blp,Character\Pandaren\Male\PandaMaleFaceUpper11_00.blp,,17,11,0
25731,21,0,1,Character\Pandaren\Male\pandamalefacelower11_01.blp,Character\Pandaren\Male\PandaMaleFaceUpper11_01.blp,,17,11,1
25732,21,0,1,Character\Pandaren\Male\pandamalefacelower11_02.blp,Character\Pandaren\Male\PandaMaleFaceUpper11_02.blp,,17,11,2
25733,21,0,1,Character\Pandaren\Male\pandamalefacelower11_03.blp,Character\Pandaren\Male\PandaMaleFaceUpper11_03.blp,,17,11,3
25734,21,0,1,Character\Pandaren\Male\pandamalefacelower11_04.blp,Character\Pandaren\Male\PandaMaleFaceUpper11_04.blp,,17,11,4
25735,21,0,1,Character\Pandaren\Male\pandamalefacelower11_05.blp,Character\Pandaren\Male\PandaMaleFaceUpper11_05.blp,,17,11,5
25736,21,0,1,Character\Pandaren\Male\pandamalefacelower11_00.blp,Character\Pandaren\Male\PandaMaleFaceUpper11_00.blp,,17,11,6
25737,21,0,1,Character\Pandaren\Male\pandamalefacelower11_01.blp,Character\Pandaren\Male\PandaMaleFaceUpper11_01.blp,,17,11,7
25738,21,0,1,Character\Pandaren\Male\pandamalefacelower11_02.blp,Character\Pandaren\Male\PandaMaleFaceUpper11_02.blp,,17,11,8
25739,21,0,1,Character\Pandaren\Male\pandamalefacelower11_03.blp,Character\Pandaren\Male\PandaMaleFaceUpper11_03.blp,,17,11,9
25740,21,0,1,Character\Pandaren\Male\pandamalefacelower11_04.blp,Character\Pandaren\Male\PandaMaleFaceUpper11_04.blp,,17,11,10
25741,21,0,1,Character\Pandaren\Male\pandamalefacelower11_01.blp,Character\Pandaren\Male\PandaMaleFaceUpper11_01.blp,,17,11,11
25742,21,0,1,Character\Pandaren\Male\pandamalefacelower11_02.blp,Character\Pandaren\Male\PandaMaleFaceUpper11_02.blp,,17,11,12
25743,21,0,1,Character\Pandaren\Male\pandamalefacelower11_03.blp,Character\Pandaren\Male\PandaMaleFaceUpper11_03.blp,,17,11,13
25744,21,0,1,Character\Pandaren\Male\pandamalefacelower12_00.blp,Character\Pandaren\Male\PandaMaleFaceUpper12_00.blp,,17,12,0
25745,21,0,1,Character\Pandaren\Male\pandamalefacelower12_01.blp,Character\Pandaren\Male\PandaMaleFaceUpper12_01.blp,,17,12,1
25746,21,0,1,Character\Pandaren\Male\pandamalefacelower12_02.blp,Character\Pandaren\Male\PandaMaleFaceUpper12_02.blp,,17,12,2
25747,21,0,1,Character\Pandaren\Male\pandamalefacelower12_03.blp,Character\Pandaren\Male\PandaMaleFaceUpper12_03.blp,,17,12,3
25748,21,0,1,Character\Pandaren\Male\pandamalefacelower12_04.blp,Character\Pandaren\Male\PandaMaleFaceUpper12_04.blp,,17,12,4
25749,21,0,1,Character\Pandaren\Male\pandamalefacelower12_05.blp,Character\Pandaren\Male\PandaMaleFaceUpper12_05.blp,,17,12,5
25750,21,0,1,Character\Pandaren\Male\pandamalefacelower12_00.blp,Character\Pandaren\Male\PandaMaleFaceUpper12_00.blp,,17,12,6
25751,21,0,1,Character\Pandaren\Male\pandamalefacelower12_01.blp,Character\Pandaren\Male\PandaMaleFaceUpper12_01.blp,,17,12,7
25752,21,0,1,Character\Pandaren\Male\pandamalefacelower12_02.blp,Character\Pandaren\Male\PandaMaleFaceUpper12_02.blp,,17,12,8
25753,21,0,1,Character\Pandaren\Male\pandamalefacelower12_03.blp,Character\Pandaren\Male\PandaMaleFaceUpper12_03.blp,,17,12,9
25754,21,0,1,Character\Pandaren\Male\pandamalefacelower12_04.blp,Character\Pandaren\Male\PandaMaleFaceUpper12_04.blp,,17,12,10
25755,21,0,1,Character\Pandaren\Male\pandamalefacelower12_01.blp,Character\Pandaren\Male\PandaMaleFaceUpper12_01.blp,,17,12,11
25756,21,0,1,Character\Pandaren\Male\pandamalefacelower12_02.blp,Character\Pandaren\Male\PandaMaleFaceUpper12_02.blp,,17,12,12
25757,21,0,1,Character\Pandaren\Male\pandamalefacelower12_03.blp,Character\Pandaren\Male\PandaMaleFaceUpper12_03.blp,,17,12,13
25758,21,0,1,Character\Pandaren\Male\pandamalefacelower13_00.blp,Character\Pandaren\Male\PandaMaleFaceUpper13_00.blp,,17,13,0
25759,21,0,1,Character\Pandaren\Male\pandamalefacelower13_01.blp,Character\Pandaren\Male\PandaMaleFaceUpper13_01.blp,,17,13,1
25760,21,0,1,Character\Pandaren\Male\pandamalefacelower13_02.blp,Character\Pandaren\Male\PandaMaleFaceUpper13_02.blp,,17,13,2
25761,21,0,1,Character\Pandaren\Male\pandamalefacelower13_03.blp,Character\Pandaren\Male\PandaMaleFaceUpper13_03.blp,,17,13,3
25762,21,0,1,Character\Pandaren\Male\pandamalefacelower13_04.blp,Character\Pandaren\Male\PandaMaleFaceUpper13_04.blp,,17,13,4
25763,21,0,1,Character\Pandaren\Male\pandamalefacelower13_05.blp,Character\Pandaren\Male\PandaMaleFaceUpper13_05.blp,,17,13,5
25764,21,0,1,Character\Pandaren\Male\pandamalefacelower13_00.blp,Character\Pandaren\Male\PandaMaleFaceUpper13_00.blp,,17,13,6
25765,21,0,1,Character\Pandaren\Male\pandamalefacelower13_01.blp,Character\Pandaren\Male\PandaMaleFaceUpper13_01.blp,,17,13,7
25766,21,0,1,Character\Pandaren\Male\pandamalefacelower13_02.blp,Character\Pandaren\Male\PandaMaleFaceUpper13_02.blp,,17,13,8
25767,21,0,1,Character\Pandaren\Male\pandamalefacelower13_03.blp,Character\Pandaren\Male\PandaMaleFaceUpper13_03.blp,,17,13,9
25768,21,0,1,Character\Pandaren\Male\pandamalefacelower13_04.blp,Character\Pandaren\Male\PandaMaleFaceUpper13_04.blp,,17,13,10
25769,21,0,1,Character\Pandaren\Male\pandamalefacelower13_01.blp,Character\Pandaren\Male\PandaMaleFaceUpper13_01.blp,,17,13,11
25770,21,0,1,Character\Pandaren\Male\pandamalefacelower13_02.blp,Character\Pandaren\Male\PandaMaleFaceUpper13_02.blp,,17,13,12
25771,21,0,1,Character\Pandaren\Male\pandamalefacelower13_03.blp,Character\Pandaren\Male\PandaMaleFaceUpper13_03.blp,,17,13,13
25772,21,0,1,Character\Pandaren\Male\pandamalefacelower14_00.blp,Character\Pandaren\Male\PandaMaleFaceUpper14_00.blp,,17,14,0
25773,21,0,1,Character\Pandaren\Male\pandamalefacelower14_01.blp,Character\Pandaren\Male\PandaMaleFaceUpper14_01.blp,,17,14,1
25774,21,0,1,Character\Pandaren\Male\pandamalefacelower14_02.blp,Character\Pandaren\Male\PandaMaleFaceUpper14_02.blp,,17,14,2
25775,21,0,1,Character\Pandaren\Male\pandamalefacelower14_03.blp,Character\Pandaren\Male\PandaMaleFaceUpper14_03.blp,,17,14,3
25776,21,0,1,Character\Pandaren\Male\pandamalefacelower14_04.blp,Character\Pandaren\Male\PandaMaleFaceUpper14_04.blp,,17,14,4
25777,21,0,1,Character\Pandaren\Male\pandamalefacelower14_05.blp,Character\Pandaren\Male\PandaMaleFaceUpper14_05.blp,,17,14,5
25778,21,0,1,Character\Pandaren\Male\pandamalefacelower14_00.blp,Character\Pandaren\Male\PandaMaleFaceUpper14_00.blp,,17,14,6
25779,21,0,1,Character\Pandaren\Male\pandamalefacelower14_01.blp,Character\Pandaren\Male\PandaMaleFaceUpper14_01.blp,,17,14,7
25780,21,0,1,Character\Pandaren\Male\pandamalefacelower14_02.blp,Character\Pandaren\Male\PandaMaleFaceUpper14_02.blp,,17,14,8
25781,21,0,1,Character\Pandaren\Male\pandamalefacelower14_03.blp,Character\Pandaren\Male\PandaMaleFaceUpper14_03.blp,,17,14,9
25782,21,0,1,Character\Pandaren\Male\pandamalefacelower14_04.blp,Character\Pandaren\Male\PandaMaleFaceUpper14_04.blp,,17,14,10
25783,21,0,1,Character\Pandaren\Male\pandamalefacelower14_01.blp,Character\Pandaren\Male\PandaMaleFaceUpper14_01.blp,,17,14,11
25784,21,0,1,Character\Pandaren\Male\pandamalefacelower14_02.blp,Character\Pandaren\Male\PandaMaleFaceUpper14_02.blp,,17,14,12
25785,21,0,1,Character\Pandaren\Male\pandamalefacelower14_03.blp,Character\Pandaren\Male\PandaMaleFaceUpper14_03.blp,,17,14,13
25786,21,0,1,Character\Pandaren\Male\pandamalefacelower15_00.blp,Character\Pandaren\Male\PandaMaleFaceUpper15_00.blp,,17,15,0
25787,21,0,1,Character\Pandaren\Male\pandamalefacelower15_01.blp,Character\Pandaren\Male\PandaMaleFaceUpper15_01.blp,,17,15,1
25788,21,0,1,Character\Pandaren\Male\pandamalefacelower15_02.blp,Character\Pandaren\Male\PandaMaleFaceUpper15_02.blp,,17,15,2
25789,21,0,1,Character\Pandaren\Male\pandamalefacelower15_03.blp,Character\Pandaren\Male\PandaMaleFaceUpper15_03.blp,,17,15,3
25790,21,0,1,Character\Pandaren\Male\pandamalefacelower15_04.blp,Character\Pandaren\Male\PandaMaleFaceUpper15_04.blp,,17,15,4
25791,21,0,1,Character\Pandaren\Male\pandamalefacelower15_05.blp,Character\Pandaren\Male\PandaMaleFaceUpper15_05.blp,,17,15,5
25792,21,0,1,Character\Pandaren\Male\pandamalefacelower15_00.blp,Character\Pandaren\Male\PandaMaleFaceUpper15_00.blp,,17,15,6
25793,21,0,1,Character\Pandaren\Male\pandamalefacelower15_01.blp,Character\Pandaren\Male\PandaMaleFaceUpper15_01.blp,,17,15,7
25794,21,0,1,Character\Pandaren\Male\pandamalefacelower15_02.blp,Character\Pandaren\Male\PandaMaleFaceUpper15_02.blp,,17,15,8
25795,21,0,1,Character\Pandaren\Male\pandamalefacelower15_03.blp,Character\Pandaren\Male\PandaMaleFaceUpper15_03.blp,,17,15,9
25796,21,0,1,Character\Pandaren\Male\pandamalefacelower15_04.blp,Character\Pandaren\Male\PandaMaleFaceUpper15_04.blp,,17,15,10
25797,21,0,1,Character\Pandaren\Male\pandamalefacelower15_01.blp,Character\Pandaren\Male\PandaMaleFaceUpper15_01.blp,,17,15,11
25798,21,0,1,Character\Pandaren\Male\pandamalefacelower15_02.blp,Character\Pandaren\Male\PandaMaleFaceUpper15_02.blp,,17,15,12
25799,21,0,1,Character\Pandaren\Male\pandamalefacelower15_03.blp,Character\Pandaren\Male\PandaMaleFaceUpper15_03.blp,,17,15,13
25800,21,0,1,Character\Pandaren\Male\pandamalefacelower16_00.blp,Character\Pandaren\Male\PandaMaleFaceUpper16_00.blp,,17,16,0
25801,21,0,1,Character\Pandaren\Male\pandamalefacelower16_01.blp,Character\Pandaren\Male\PandaMaleFaceUpper16_01.blp,,17,16,1
25802,21,0,1,Character\Pandaren\Male\pandamalefacelower16_02.blp,Character\Pandaren\Male\PandaMaleFaceUpper16_02.blp,,17,16,2
25803,21,0,1,Character\Pandaren\Male\pandamalefacelower16_03.blp,Character\Pandaren\Male\PandaMaleFaceUpper16_03.blp,,17,16,3
25804,21,0,1,Character\Pandaren\Male\pandamalefacelower16_04.blp,Character\Pandaren\Male\PandaMaleFaceUpper16_04.blp,,17,16,4
25805,21,0,1,Character\Pandaren\Male\pandamalefacelower16_05.blp,Character\Pandaren\Male\PandaMaleFaceUpper16_05.blp,,17,16,5
25806,21,0,1,Character\Pandaren\Male\pandamalefacelower16_00.blp,Character\Pandaren\Male\PandaMaleFaceUpper16_00.blp,,17,16,6
25807,21,0,1,Character\Pandaren\Male\pandamalefacelower16_01.blp,Character\Pandaren\Male\PandaMaleFaceUpper16_01.blp,,17,16,7
25808,21,0,1,Character\Pandaren\Male\pandamalefacelower16_02.blp,Character\Pandaren\Male\PandaMaleFaceUpper16_02.blp,,17,16,8
25809,21,0,1,Character\Pandaren\Male\pandamalefacelower16_03.blp,Character\Pandaren\Male\PandaMaleFaceUpper16_03.blp,,17,16,9
25810,21,0,1,Character\Pandaren\Male\pandamalefacelower16_04.blp,Character\Pandaren\Male\PandaMaleFaceUpper16_04.blp,,17,16,10
25811,21,0,1,Character\Pandaren\Male\pandamalefacelower16_01.blp,Character\Pandaren\Male\PandaMaleFaceUpper16_01.blp,,17,16,11
25812,21,0,1,Character\Pandaren\Male\pandamalefacelower16_02.blp,Character\Pandaren\Male\PandaMaleFaceUpper16_02.blp,,17,16,12
25813,21,0,1,Character\Pandaren\Male\pandamalefacelower16_03.blp,Character\Pandaren\Male\PandaMaleFaceUpper16_03.blp,,17,16,13
25814,21,0,1,Character\Pandaren\Male\pandamalefacelower17_00.blp,Character\Pandaren\Male\PandaMaleFaceUpper17_00.blp,,17,17,0
25815,21,0,1,Character\Pandaren\Male\pandamalefacelower17_01.blp,Character\Pandaren\Male\PandaMaleFaceUpper17_01.blp,,17,17,1
25816,21,0,1,Character\Pandaren\Male\pandamalefacelower17_02.blp,Character\Pandaren\Male\PandaMaleFaceUpper17_02.blp,,17,17,2
25817,21,0,1,Character\Pandaren\Male\pandamalefacelower17_03.blp,Character\Pandaren\Male\PandaMaleFaceUpper17_03.blp,,17,17,3
25818,21,0,1,Character\Pandaren\Male\pandamalefacelower17_04.blp,Character\Pandaren\Male\PandaMaleFaceUpper17_04.blp,,17,17,4
25819,21,0,1,Character\Pandaren\Male\pandamalefacelower17_05.blp,Character\Pandaren\Male\PandaMaleFaceUpper17_05.blp,,17,17,5
25820,21,0,1,Character\Pandaren\Male\pandamalefacelower17_00.blp,Character\Pandaren\Male\PandaMaleFaceUpper17_00.blp,,17,17,6
25821,21,0,1,Character\Pandaren\Male\pandamalefacelower17_01.blp,Character\Pandaren\Male\PandaMaleFaceUpper17_01.blp,,17,17,7
25822,21,0,1,Character\Pandaren\Male\pandamalefacelower17_02.blp,Character\Pandaren\Male\PandaMaleFaceUpper17_02.blp,,17,17,8
25823,21,0,1,Character\Pandaren\Male\pandamalefacelower17_03.blp,Character\Pandaren\Male\PandaMaleFaceUpper17_03.blp,,17,17,9
25824,21,0,1,Character\Pandaren\Male\pandamalefacelower17_04.blp,Character\Pandaren\Male\PandaMaleFaceUpper17_04.blp,,17,17,10
25825,21,0,1,Character\Pandaren\Male\pandamalefacelower17_01.blp,Character\Pandaren\Male\PandaMaleFaceUpper17_01.blp,,17,17,11
25826,21,0,1,Character\Pandaren\Male\pandamalefacelower17_02.blp,Character\Pandaren\Male\PandaMaleFaceUpper17_02.blp,,17,17,12
25827,21,0,1,Character\Pandaren\Male\pandamalefacelower17_03.blp,Character\Pandaren\Male\PandaMaleFaceUpper17_03.blp,,17,17,13
25828,21,0,1,Character\Pandaren\Male\pandamalefacelower18_00.blp,Character\Pandaren\Male\PandaMaleFaceUpper18_00.blp,,17,18,0
25829,21,0,1,Character\Pandaren\Male\pandamalefacelower18_01.blp,Character\Pandaren\Male\PandaMaleFaceUpper18_01.blp,,17,18,1
25830,21,0,1,Character\Pandaren\Male\pandamalefacelower18_02.blp,Character\Pandaren\Male\PandaMaleFaceUpper18_02.blp,,17,18,2
25831,21,0,1,Character\Pandaren\Male\pandamalefacelower18_03.blp,Character\Pandaren\Male\PandaMaleFaceUpper18_03.blp,,17,18,3
25832,21,0,1,Character\Pandaren\Male\pandamalefacelower18_04.blp,Character\Pandaren\Male\PandaMaleFaceUpper18_04.blp,,17,18,4
25833,21,0,1,Character\Pandaren\Male\pandamalefacelower18_05.blp,Character\Pandaren\Male\PandaMaleFaceUpper18_05.blp,,17,18,5
25834,21,0,1,Character\Pandaren\Male\pandamalefacelower18_00.blp,Character\Pandaren\Male\PandaMaleFaceUpper18_00.blp,,17,18,6
25835,21,0,1,Character\Pandaren\Male\pandamalefacelower18_01.blp,Character\Pandaren\Male\PandaMaleFaceUpper18_01.blp,,17,18,7
25836,21,0,1,Character\Pandaren\Male\pandamalefacelower18_02.blp,Character\Pandaren\Male\PandaMaleFaceUpper18_02.blp,,17,18,8
25837,21,0,1,Character\Pandaren\Male\pandamalefacelower18_03.blp,Character\Pandaren\Male\PandaMaleFaceUpper18_03.blp,,17,18,9
25838,21,0,1,Character\Pandaren\Male\pandamalefacelower18_04.blp,Character\Pandaren\Male\PandaMaleFaceUpper18_04.blp,,17,18,10
25839,21,0,1,Character\Pandaren\Male\pandamalefacelower18_01.blp,Character\Pandaren\Male\PandaMaleFaceUpper18_01.blp,,17,18,11
25840,21,0,1,Character\Pandaren\Male\pandamalefacelower18_02.blp,Character\Pandaren\Male\PandaMaleFaceUpper18_02.blp,,17,18,12
25841,21,0,1,Character\Pandaren\Male\pandamalefacelower18_03.blp,Character\Pandaren\Male\PandaMaleFaceUpper18_03.blp,,17,18,13
25842,21,0,1,Character\Pandaren\Male\pandamalefacelower19_00.blp,Character\Pandaren\Male\PandaMaleFaceUpper19_00.blp,,17,19,0
25843,21,0,1,Character\Pandaren\Male\pandamalefacelower19_01.blp,Character\Pandaren\Male\PandaMaleFaceUpper19_01.blp,,17,19,1
25844,21,0,1,Character\Pandaren\Male\pandamalefacelower19_02.blp,Character\Pandaren\Male\PandaMaleFaceUpper19_02.blp,,17,19,2
25845,21,0,1,Character\Pandaren\Male\pandamalefacelower19_03.blp,Character\Pandaren\Male\PandaMaleFaceUpper19_03.blp,,17,19,3
25846,21,0,1,Character\Pandaren\Male\pandamalefacelower19_04.blp,Character\Pandaren\Male\PandaMaleFaceUpper19_04.blp,,17,19,4
25847,21,0,1,Character\Pandaren\Male\pandamalefacelower19_05.blp,Character\Pandaren\Male\PandaMaleFaceUpper19_05.blp,,17,19,5
25848,21,0,1,Character\Pandaren\Male\pandamalefacelower19_00.blp,Character\Pandaren\Male\PandaMaleFaceUpper19_00.blp,,17,19,6
25849,21,0,1,Character\Pandaren\Male\pandamalefacelower19_01.blp,Character\Pandaren\Male\PandaMaleFaceUpper19_01.blp,,17,19,7
25850,21,0,1,Character\Pandaren\Male\pandamalefacelower19_02.blp,Character\Pandaren\Male\PandaMaleFaceUpper19_02.blp,,17,19,8
25851,21,0,1,Character\Pandaren\Male\pandamalefacelower19_03.blp,Character\Pandaren\Male\PandaMaleFaceUpper19_03.blp,,17,19,9
25852,21,0,1,Character\Pandaren\Male\pandamalefacelower19_04.blp,Character\Pandaren\Male\PandaMaleFaceUpper19_04.blp,,17,19,10
25853,21,0,1,Character\Pandaren\Male\pandamalefacelower19_01.blp,Character\Pandaren\Male\PandaMaleFaceUpper19_01.blp,,17,19,11
25854,21,0,1,Character\Pandaren\Male\pandamalefacelower19_02.blp,Character\Pandaren\Male\PandaMaleFaceUpper19_02.blp,,17,19,12
25855,21,0,1,Character\Pandaren\Male\pandamalefacelower19_03.blp,Character\Pandaren\Male\PandaMaleFaceUpper19_03.blp,,17,19,13
25856,21,0,1,Character\Pandaren\Male\pandamalefacelower20_00.blp,Character\Pandaren\Male\PandaMaleFaceUpper20_00.blp,,17,20,0
25857,21,0,1,Character\Pandaren\Male\pandamalefacelower20_01.blp,Character\Pandaren\Male\PandaMaleFaceUpper20_01.blp,,17,20,1
25858,21,0,1,Character\Pandaren\Male\pandamalefacelower20_02.blp,Character\Pandaren\Male\PandaMaleFaceUpper20_02.blp,,17,20,2
25859,21,0,1,Character\Pandaren\Male\pandamalefacelower20_03.blp,Character\Pandaren\Male\PandaMaleFaceUpper20_03.blp,,17,20,3
25860,21,0,1,Character\Pandaren\Male\pandamalefacelower20_04.blp,Character\Pandaren\Male\PandaMaleFaceUpper20_04.blp,,17,20,4
25861,21,0,1,Character\Pandaren\Male\pandamalefacelower20_05.blp,Character\Pandaren\Male\PandaMaleFaceUpper20_05.blp,,17,20,5
25862,21,0,1,Character\Pandaren\Male\pandamalefacelower20_00.blp,Character\Pandaren\Male\PandaMaleFaceUpper20_00.blp,,17,20,6
25863,21,0,1,Character\Pandaren\Male\pandamalefacelower20_01.blp,Character\Pandaren\Male\PandaMaleFaceUpper20_01.blp,,17,20,7
25864,21,0,1,Character\Pandaren\Male\pandamalefacelower20_02.blp,Character\Pandaren\Male\PandaMaleFaceUpper20_02.blp,,17,20,8
25865,21,0,1,Character\Pandaren\Male\pandamalefacelower20_03.blp,Character\Pandaren\Male\PandaMaleFaceUpper20_03.blp,,17,20,9
25866,21,0,1,Character\Pandaren\Male\pandamalefacelower20_04.blp,Character\Pandaren\Male\PandaMaleFaceUpper20_04.blp,,17,20,10
25867,21,0,1,Character\Pandaren\Male\pandamalefacelower20_01.blp,Character\Pandaren\Male\PandaMaleFaceUpper20_01.blp,,17,20,11
25868,21,0,1,Character\Pandaren\Male\pandamalefacelower20_02.blp,Character\Pandaren\Male\PandaMaleFaceUpper20_02.blp,,17,20,12
25869,21,0,1,Character\Pandaren\Male\pandamalefacelower20_03.blp,Character\Pandaren\Male\PandaMaleFaceUpper20_03.blp,,17,20,13
25870,21,0,2,,,,1,0,0
25871,21,0,2,,,,1,0,1
25872,21,0,2,,,,1,0,2
25873,21,0,2,,,,1,0,3
25874,21,0,2,,,,1,0,4
25875,21,0,2,,,,1,0,5
25876,21,0,2,,,,1,0,6
25877,21,0,2,,,,1,0,7
25878,21,0,2,,,,1,0,8
25879,21,0,2,,,,1,0,9
25880,21,0,2,,,,1,0,10
25881,21,0,2,,,,1,0,11
25882,21,0,2,,,,1,0,12
25883,21,0,2,,,,1,0,13
25884,21,0,2,,Character\Pandaren\FacialHair00_00.blp,,1,1,0
25885,21,0,2,,Character\Pandaren\FacialHair00_01.blp,,1,1,1
25886,21,0,2,,Character\Pandaren\FacialHair00_02.blp,,1,1,2
25887,21,0,2,,Character\Pandaren\FacialHair00_03.blp,,1,1,3
25888,21,0,2,,Character\Pandaren\FacialHair00_04.blp,,1,1,4
25889,21,0,2,,Character\Pandaren\FacialHair00_05.blp,,1,1,5
25890,21,0,2,,Character\Pandaren\FacialHair00_00.blp,,1,1,6
25891,21,0,2,,Character\Pandaren\FacialHair00_01.blp,,1,1,7
25892,21,0,2,,Character\Pandaren\FacialHair00_02.blp,,1,1,8
25893,21,0,2,,Character\Pandaren\FacialHair00_03.blp,,1,1,9
25894,21,0,2,,Character\Pandaren\FacialHair00_04.blp,,1,1,10
25895,21,0,2,,Character\Pandaren\FacialHair00_01.blp,,1,1,11
25896,21,0,2,,Character\Pandaren\FacialHair00_02.blp,,1,1,12
25897,21,0,2,,Character\Pandaren\FacialHair00_03.blp,,1,1,13
25898,21,0,2,,Character\Pandaren\FacialHair01_00.blp,,1,2,0
25899,21,0,2,,Character\Pandaren\FacialHair01_01.blp,,1,2,1
25900,21,0,2,,Character\Pandaren\FacialHair01_02.blp,,1,2,2
25901,21,0,2,,Character\Pandaren\FacialHair01_03.blp,,1,2,3
25902,21,0,2,,Character\Pandaren\FacialHair01_04.blp,,1,2,4
25903,21,0,2,,Character\Pandaren\FacialHair01_05.blp,,1,2,5
25904,21,0,2,,Character\Pandaren\FacialHair01_00.blp,,1,2,6
25905,21,0,2,,Character\Pandaren\FacialHair01_01.blp,,1,2,7
25906,21,0,2,,Character\Pandaren\FacialHair01_02.blp,,1,2,8
25907,21,0,2,,Character\Pandaren\FacialHair01_03.blp,,1,2,9
25908,21,0,2,,Character\Pandaren\FacialHair01_04.blp,,1,2,10
25909,21,0,2,,Character\Pandaren\FacialHair01_01.blp,,1,2,11
25910,21,0,2,,Character\Pandaren\FacialHair01_02.blp,,1,2,12
25911,21,0,2,,Character\Pandaren\FacialHair01_03.blp,,1,2,13
25912,21,0,2,,Character\Pandaren\FacialHair02_00.blp,,1,3,0
25913,21,0,2,,Character\Pandaren\FacialHair02_01.blp,,1,3,1
25914,21,0,2,,Character\Pandaren\FacialHair02_02.blp,,1,3,2
25915,21,0,2,,Character\Pandaren\FacialHair02_03.blp,,1,3,3
25916,21,0,2,,Character\Pandaren\FacialHair02_04.blp,,1,3,4
25917,21,0,2,,Character\Pandaren\FacialHair02_05.blp,,1,3,5
25918,21,0,2,,Character\Pandaren\FacialHair02_00.blp,,1,3,6
25919,21,0,2,,Character\Pandaren\FacialHair02_01.blp,,1,3,7
25920,21,0,2,,Character\Pandaren\FacialHair02_02.blp,,1,3,8
25921,21,0,2,,Character\Pandaren\FacialHair02_03.blp,,1,3,9
25922,21,0,2,,Character\Pandaren\FacialHair02_04.blp,,1,3,10
25923,21,0,2,,Character\Pandaren\FacialHair02_01.blp,,1,3,11
25924,21,0,2,,Character\Pandaren\FacialHair02_02.blp,,1,3,12
25925,21,0,2,,Character\Pandaren\FacialHair02_03.blp,,1,3,13
25926,21,0,2,,Character\Pandaren\FacialHair03_00.blp,,1,4,0
25927,21,0,2,,Character\Pandaren\FacialHair03_01.blp,,1,4,1
25928,21,0,2,,Character\Pandaren\FacialHair03_02.blp,,1,4,2
25929,21,0,2,,Character\Pandaren\FacialHair03_03.blp,,1,4,3
25930,21,0,2,,Character\Pandaren\FacialHair03_04.blp,,1,4,4
25931,21,0,2,,Character\Pandaren\FacialHair03_05.blp,,1,4,5
25932,21,0,2,,Character\Pandaren\FacialHair03_00.blp,,1,4,6
25933,21,0,2,,Character\Pandaren\FacialHair03_01.blp,,1,4,7
25934,21,0,2,,Character\Pandaren\FacialHair03_02.blp,,1,4,8
25935,21,0,2,,Character\Pandaren\FacialHair03_03.blp,,1,4,9
25936,21,0,2,,Character\Pandaren\FacialHair03_04.blp,,1,4,10
25937,21,0,2,,Character\Pandaren\FacialHair03_01.blp,,1,4,11
25938,21,0,2,,Character\Pandaren\FacialHair03_02.blp,,1,4,12
25939,21,0,2,,Character\Pandaren\FacialHair03_03.blp,,1,4,13
25940,21,0,2,,Character\Pandaren\FacialHair04_00.blp,,1,5,0
25941,21,0,2,,Character\Pandaren\FacialHair04_01.blp,,1,5,1
25942,21,0,2,,Character\Pandaren\FacialHair04_02.blp,,1,5,2
25943,21,0,2,,Character\Pandaren\FacialHair04_03.blp,,1,5,3
25944,21,0,2,,Character\Pandaren\FacialHair04_04.blp,,1,5,4
25945,21,0,2,,Character\Pandaren\FacialHair04_05.blp,,1,5,5
25946,21,0,2,,Character\Pandaren\FacialHair04_00.blp,,1,5,6
25947,21,0,2,,Character\Pandaren\FacialHair04_01.blp,,1,5,7
25948,21,0,2,,Character\Pandaren\FacialHair04_02.blp,,1,5,8
25949,21,0,2,,Character\Pandaren\FacialHair04_03.blp,,1,5,9
25950,21,0,2,,Character\Pandaren\FacialHair04_04.blp,,1,5,10
25951,21,0,2,,Character\Pandaren\FacialHair04_01.blp,,1,5,11
25952,21,0,2,,Character\Pandaren\FacialHair04_02.blp,,1,5,12
25953,21,0,2,,Character\Pandaren\FacialHair04_03.blp,,1,5,13
25954,21,0,2,,Character\Pandaren\FacialHair05_00.blp,,1,6,0
25955,21,0,2,,Character\Pandaren\FacialHair05_01.blp,,1,6,1
25956,21,0,2,,Character\Pandaren\FacialHair05_02.blp,,1,6,2
25957,21,0,2,,Character\Pandaren\FacialHair05_03.blp,,1,6,3
25958,21,0,2,,Character\Pandaren\FacialHair05_04.blp,,1,6,4
25959,21,0,2,,Character\Pandaren\FacialHair05_05.blp,,1,6,5
25960,21,0,2,,Character\Pandaren\FacialHair05_00.blp,,1,6,6
25961,21,0,2,,Character\Pandaren\FacialHair05_01.blp,,1,6,7
25962,21,0,2,,Character\Pandaren\FacialHair05_02.blp,,1,6,8
25963,21,0,2,,Character\Pandaren\FacialHair05_03.blp,,1,6,9
25964,21,0,2,,Character\Pandaren\FacialHair05_04.blp,,1,6,10
25965,21,0,2,,Character\Pandaren\FacialHair05_01.blp,,1,6,11
25966,21,0,2,,Character\Pandaren\FacialHair05_02.blp,,1,6,12
25967,21,0,2,,Character\Pandaren\FacialHair05_03.blp,,1,6,13
25968,21,0,2,,Character\Pandaren\FacialHair06_00.blp,,1,7,0
25969,21,0,2,,Character\Pandaren\FacialHair06_01.blp,,1,7,1
25970,21,0,2,,Character\Pandaren\FacialHair06_02.blp,,1,7,2
25971,21,0,2,,Character\Pandaren\FacialHair06_03.blp,,1,7,3
25972,21,0,2,,Character\Pandaren\FacialHair06_04.blp,,1,7,4
25973,21,0,2,,Character\Pandaren\FacialHair06_05.blp,,1,7,5
25974,21,0,2,,Character\Pandaren\FacialHair06_00.blp,,1,7,6
25975,21,0,2,,Character\Pandaren\FacialHair06_01.blp,,1,7,7
25976,21,0,2,,Character\Pandaren\FacialHair06_02.blp,,1,7,8
25977,21,0,2,,Character\Pandaren\FacialHair06_03.blp,,1,7,9
25978,21,0,2,,Character\Pandaren\FacialHair06_04.blp,,1,7,10
25979,21,0,2,,Character\Pandaren\FacialHair06_01.blp,,1,7,11
25980,21,0,2,,Character\Pandaren\FacialHair06_02.blp,,1,7,12
25981,21,0,2,,Character\Pandaren\FacialHair06_03.blp,,1,7,13
25982,21,0,2,,Character\Pandaren\FacialHair07_00.blp,,1,8,0
25983,21,0,2,,Character\Pandaren\FacialHair07_01.blp,,1,8,1
25984,21,0,2,,Character\Pandaren\FacialHair07_02.blp,,1,8,2
25985,21,0,2,,Character\Pandaren\FacialHair07_03.blp,,1,8,3
25986,21,0,2,,Character\Pandaren\FacialHair07_04.blp,,1,8,4
25987,21,0,2,,Character\Pandaren\FacialHair07_05.blp,,1,8,5
25988,21,0,2,,Character\Pandaren\FacialHair07_00.blp,,1,8,6
25989,21,0,2,,Character\Pandaren\FacialHair07_01.blp,,1,8,7
25990,21,0,2,,Character\Pandaren\FacialHair07_02.blp,,1,8,8
25991,21,0,2,,Character\Pandaren\FacialHair07_03.blp,,1,8,9
25992,21,0,2,,Character\Pandaren\FacialHair07_04.blp,,1,8,10
25993,21,0,2,,Character\Pandaren\FacialHair07_01.blp,,1,8,11
25994,21,0,2,,Character\Pandaren\FacialHair07_02.blp,,1,8,12
25995,21,0,2,,Character\Pandaren\FacialHair07_03.blp,,1,8,13
25996,21,0,2,,Character\Pandaren\FacialHair08_00.blp,,1,9,0
25997,21,0,2,,Character\Pandaren\FacialHair08_01.blp,,1,9,1
25998,21,0,2,,Character\Pandaren\FacialHair08_02.blp,,1,9,2
25999,21,0,2,,Character\Pandaren\FacialHair08_03.blp,,1,9,3
26000,21,0,2,,Character\Pandaren\FacialHair08_04.blp,,1,9,4
26001,21,0,2,,Character\Pandaren\FacialHair08_05.blp,,1,9,5
26002,21,0,2,,Character\Pandaren\FacialHair08_00.blp,,1,9,6
26003,21,0,2,,Character\Pandaren\FacialHair08_01.blp,,1,9,7
26004,21,0,2,,Character\Pandaren\FacialHair08_02.blp,,1,9,8
26005,21,0,2,,Character\Pandaren\FacialHair08_03.blp,,1,9,9
26006,21,0,2,,Character\Pandaren\FacialHair08_04.blp,,1,9,10
26007,21,0,2,,Character\Pandaren\FacialHair08_01.blp,,1,9,11
26008,21,0,2,,Character\Pandaren\FacialHair08_02.blp,,1,9,12
26009,21,0,2,,Character\Pandaren\FacialHair08_03.blp,,1,9,13
26010,21,0,2,,Character\Pandaren\FacialHair09_00.blp,,1,10,0
26011,21,0,2,,Character\Pandaren\FacialHair09_01.blp,,1,10,1
26012,21,0,2,,Character\Pandaren\FacialHair09_02.blp,,1,10,2
26013,21,0,2,,Character\Pandaren\FacialHair09_03.blp,,1,10,3
26014,21,0,2,,Character\Pandaren\FacialHair09_04.blp,,1,10,4
26015,21,0,2,,Character\Pandaren\FacialHair09_05.blp,,1,10,5
26016,21,0,2,,Character\Pandaren\FacialHair09_00.blp,,1,10,6
26017,21,0,2,,Character\Pandaren\FacialHair09_01.blp,,1,10,7
26018,21,0,2,,Character\Pandaren\FacialHair09_02.blp,,1,10,8
26019,21,0,2,,Character\Pandaren\FacialHair09_03.blp,,1,10,9
26020,21,0,2,,Character\Pandaren\FacialHair09_04.blp,,1,10,10
26021,21,0,2,,Character\Pandaren\FacialHair09_01.blp,,1,10,11
26022,21,0,2,,Character\Pandaren\FacialHair09_02.blp,,1,10,12
26023,21,0,2,,Character\Pandaren\FacialHair09_03.blp,,1,10,13
26024,21,0,2,,Character\Pandaren\FacialHair10_00.blp,,1,11,0
26025,21,0,2,,Character\Pandaren\FacialHair10_01.blp,,1,11,1
26026,21,0,2,,Character\Pandaren\FacialHair10_02.blp,,1,11,2
26027,21,0,2,,Character\Pandaren\FacialHair10_03.blp,,1,11,3
26028,21,0,2,,Character\Pandaren\FacialHair10_04.blp,,1,11,4
26029,21,0,2,,Character\Pandaren\FacialHair10_05.blp,,1,11,5
26030,21,0,2,,Character\Pandaren\FacialHair10_00.blp,,1,11,6
26031,21,0,2,,Character\Pandaren\FacialHair10_01.blp,,1,11,7
26032,21,0,2,,Character\Pandaren\FacialHair10_02.blp,,1,11,8
26033,21,0,2,,Character\Pandaren\FacialHair10_03.blp,,1,11,9
26034,21,0,2,,Character\Pandaren\FacialHair10_04.blp,,1,11,10
26035,21,0,2,,Character\Pandaren\FacialHair10_01.blp,,1,11,11
26036,21,0,2,,Character\Pandaren\FacialHair10_02.blp,,1,11,12
26037,21,0,2,,Character\Pandaren\FacialHair10_03.blp,,1,11,13
26038,21,0,2,,Character\Pandaren\FacialHair11_00.blp,,1,12,0
26039,21,0,2,,Character\Pandaren\FacialHair11_01.blp,,1,12,1
26040,21,0,2,,Character\Pandaren\FacialHair11_02.blp,,1,12,2
26041,21,0,2,,Character\Pandaren\FacialHair11_03.blp,,1,12,3
26042,21,0,2,,Character\Pandaren\FacialHair11_04.blp,,1,12,4
26043,21,0,2,,Character\Pandaren\FacialHair11_05.blp,,1,12,5
26044,21,0,2,,Character\Pandaren\FacialHair11_00.blp,,1,12,6
26045,21,0,2,,Character\Pandaren\FacialHair11_01.blp,,1,12,7
26046,21,0,2,,Character\Pandaren\FacialHair11_02.blp,,1,12,8
26047,21,0,2,,Character\Pandaren\FacialHair11_03.blp,,1,12,9
26048,21,0,2,,Character\Pandaren\FacialHair11_04.blp,,1,12,10
26049,21,0,2,,Character\Pandaren\FacialHair11_01.blp,,1,12,11
26050,21,0,2,,Character\Pandaren\FacialHair11_02.blp,,1,12,12
26051,21,0,2,,Character\Pandaren\FacialHair11_03.blp,,1,12,13
26052,21,0,2,,Character\Pandaren\FacialHair12_00.blp,,1,13,0
26053,21,0,2,,Character\Pandaren\FacialHair12_01.blp,,1,13,1
26054,21,0,2,,Character\Pandaren\FacialHair12_02.blp,,1,13,2
26055,21,0,2,,Character\Pandaren\FacialHair12_03.blp,,1,13,3
26056,21,0,2,,Character\Pandaren\FacialHair12_04.blp,,1,13,4
26057,21,0,2,,Character\Pandaren\FacialHair12_05.blp,,1,13,5
26058,21,0,2,,Character\Pandaren\FacialHair12_00.blp,,1,13,6
26059,21,0,2,,Character\Pandaren\FacialHair12_01.blp,,1,13,7
26060,21,0,2,,Character\Pandaren\FacialHair12_02.blp,,1,13,8
26061,21,0,2,,Character\Pandaren\FacialHair12_03.blp,,1,13,9
26062,21,0,2,,Character\Pandaren\FacialHair12_04.blp,,1,13,10
26063,21,0,2,,Character\Pandaren\FacialHair12_01.blp,,1,13,11
26064,21,0,2,,Character\Pandaren\FacialHair12_02.blp,,1,13,12
26065,21,0,2,,Character\Pandaren\FacialHair12_03.blp,,1,13,13
26066,21,0,2,,Character\Pandaren\FacialHair13_00.blp,,1,14,0
26067,21,0,2,,Character\Pandaren\FacialHair13_01.blp,,1,14,1
26068,21,0,2,,Character\Pandaren\FacialHair13_02.blp,,1,14,2
26069,21,0,2,,Character\Pandaren\FacialHair13_03.blp,,1,14,3
26070,21,0,2,,Character\Pandaren\FacialHair13_04.blp,,1,14,4
26071,21,0,2,,Character\Pandaren\FacialHair13_05.blp,,1,14,5
26072,21,0,2,,Character\Pandaren\FacialHair13_00.blp,,1,14,6
26073,21,0,2,,Character\Pandaren\FacialHair13_01.blp,,1,14,7
26074,21,0,2,,Character\Pandaren\FacialHair13_02.blp,,1,14,8
26075,21,0,2,,Character\Pandaren\FacialHair13_03.blp,,1,14,9
26076,21,0,2,,Character\Pandaren\FacialHair13_04.blp,,1,14,10
26077,21,0,2,,Character\Pandaren\FacialHair13_01.blp,,1,14,11
26078,21,0,2,,Character\Pandaren\FacialHair13_02.blp,,1,14,12
26079,21,0,2,,Character\Pandaren\FacialHair13_03.blp,,1,14,13
26080,21,0,2,,Character\Pandaren\FacialHair14_00.blp,,1,15,0
26081,21,0,2,,Character\Pandaren\FacialHair14_01.blp,,1,15,1
26082,21,0,2,,Character\Pandaren\FacialHair14_02.blp,,1,15,2
26083,21,0,2,,Character\Pandaren\FacialHair14_03.blp,,1,15,3
26084,21,0,2,,Character\Pandaren\FacialHair14_04.blp,,1,15,4
26085,21,0,2,,Character\Pandaren\FacialHair14_05.blp,,1,15,5
26086,21,0,2,,Character\Pandaren\FacialHair14_00.blp,,1,15,6
26087,21,0,2,,Character\Pandaren\FacialHair14_01.blp,,1,15,7
26088,21,0,2,,Character\Pandaren\FacialHair14_02.blp,,1,15,8
26089,21,0,2,,Character\Pandaren\FacialHair14_03.blp,,1,15,9
26090,21,0,2,,Character\Pandaren\FacialHair14_04.blp,,1,15,10
26091,21,0,2,,Character\Pandaren\FacialHair14_01.blp,,1,15,11
26092,21,0,2,,Character\Pandaren\FacialHair14_02.blp,,1,15,12
26093,21,0,2,,Character\Pandaren\FacialHair14_03.blp,,1,15,13
26094,21,0,2,,Character\Pandaren\FacialHair15_00.blp,,1,16,0
26095,21,0,2,,Character\Pandaren\FacialHair15_01.blp,,1,16,1
26096,21,0,2,,Character\Pandaren\FacialHair15_02.blp,,1,16,2
26097,21,0,2,,Character\Pandaren\FacialHair15_03.blp,,1,16,3
26098,21,0,2,,Character\Pandaren\FacialHair15_04.blp,,1,16,4
26099,21,0,2,,Character\Pandaren\FacialHair15_05.blp,,1,16,5
26100,21,0,2,,Character\Pandaren\FacialHair15_00.blp,,1,16,6
26101,21,0,2,,Character\Pandaren\FacialHair15_01.blp,,1,16,7
26102,21,0,2,,Character\Pandaren\FacialHair15_02.blp,,1,16,8
26103,21,0,2,,Character\Pandaren\FacialHair15_03.blp,,1,16,9
26104,21,0,2,,Character\Pandaren\FacialHair15_04.blp,,1,16,10
26105,21,0,2,,Character\Pandaren\FacialHair15_01.blp,,1,16,11
26106,21,0,2,,Character\Pandaren\FacialHair15_02.blp,,1,16,12
26107,21,0,2,,Character\Pandaren\FacialHair15_03.blp,,1,16,13
26108,21,0,2,,Character\Pandaren\FacialHair16_00.blp,,1,17,0
26109,21,0,2,,Character\Pandaren\FacialHair16_01.blp,,1,17,1
26110,21,0,2,,Character\Pandaren\FacialHair16_02.blp,,1,17,2
26111,21,0,2,,Character\Pandaren\FacialHair16_03.blp,,1,17,3
26112,21,0,2,,Character\Pandaren\FacialHair16_04.blp,,1,17,4
26113,21,0,2,,Character\Pandaren\FacialHair16_05.blp,,1,17,5
26114,21,0,2,,Character\Pandaren\FacialHair16_00.blp,,1,17,6
26115,21,0,2,,Character\Pandaren\FacialHair16_01.blp,,1,17,7
26116,21,0,2,,Character\Pandaren\FacialHair16_02.blp,,1,17,8
26117,21,0,2,,Character\Pandaren\FacialHair16_03.blp,,1,17,9
26118,21,0,2,,Character\Pandaren\FacialHair16_04.blp,,1,17,10
26119,21,0,2,,Character\Pandaren\FacialHair16_01.blp,,1,17,11
26120,21,0,2,,Character\Pandaren\FacialHair16_02.blp,,1,17,12
26121,21,0,2,,Character\Pandaren\FacialHair16_03.blp,,1,17,13
26122,21,0,2,,Character\Pandaren\FacialHair17_00.blp,,1,18,0
26123,21,0,2,,Character\Pandaren\FacialHair17_01.blp,,1,18,1
26124,21,0,2,,Character\Pandaren\FacialHair17_02.blp,,1,18,2
26125,21,0,2,,Character\Pandaren\FacialHair17_03.blp,,1,18,3
26126,21,0,2,,Character\Pandaren\FacialHair17_04.blp,,1,18,4
26127,21,0,2,,Character\Pandaren\FacialHair17_05.blp,,1,18,5
26128,21,0,2,,Character\Pandaren\FacialHair17_00.blp,,1,18,6
26129,21,0,2,,Character\Pandaren\FacialHair17_01.blp,,1,18,7
26130,21,0,2,,Character\Pandaren\FacialHair17_02.blp,,1,18,8
26131,21,0,2,,Character\Pandaren\FacialHair17_03.blp,,1,18,9
26132,21,0,2,,Character\Pandaren\FacialHair17_04.blp,,1,18,10
26133,21,0,2,,Character\Pandaren\FacialHair17_01.blp,,1,18,11
26134,21,0,2,,Character\Pandaren\FacialHair17_02.blp,,1,18,12
26135,21,0,2,,Character\Pandaren\FacialHair17_03.blp,,1,18,13
26136,21,0,2,,Character\Pandaren\FacialHair18_00.blp,,1,19,0
26137,21,0,2,,Character\Pandaren\FacialHair18_01.blp,,1,19,1
26138,21,0,2,,Character\Pandaren\FacialHair18_02.blp,,1,19,2
26139,21,0,2,,Character\Pandaren\FacialHair18_03.blp,,1,19,3
26140,21,0,2,,Character\Pandaren\FacialHair18_04.blp,,1,19,4
26141,21,0,2,,Character\Pandaren\FacialHair18_05.blp,,1,19,5
26142,21,0,2,,Character\Pandaren\FacialHair18_00.blp,,1,19,6
26143,21,0,2,,Character\Pandaren\FacialHair18_01.blp,,1,19,7
26144,21,0,2,,Character\Pandaren\FacialHair18_02.blp,,1,19,8
26145,21,0,2,,Character\Pandaren\FacialHair18_03.blp,,1,19,9
26146,21,0,2,,Character\Pandaren\FacialHair18_04.blp,,1,19,10
26147,21,0,2,,Character\Pandaren\FacialHair18_01.blp,,1,19,11
26148,21,0,2,,Character\Pandaren\FacialHair18_02.blp,,1,19,12
26149,21,0,2,,Character\Pandaren\FacialHair18_03.blp,,1,19,13
26150,21,0,2,,Character\Pandaren\FacialHair19_00.blp,,1,20,0
26151,21,0,2,,Character\Pandaren\FacialHair19_01.blp,,1,20,1
26152,21,0,2,,Character\Pandaren\FacialHair19_02.blp,,1,20,2
26153,21,0,2,,Character\Pandaren\FacialHair19_03.blp,,1,20,3
26154,21,0,2,,Character\Pandaren\FacialHair19_04.blp,,1,20,4
26155,21,0,2,,Character\Pandaren\FacialHair19_05.blp,,1,20,5
26156,21,0,2,,Character\Pandaren\FacialHair19_00.blp,,1,20,6
26157,21,0,2,,Character\Pandaren\FacialHair19_01.blp,,1,20,7
26158,21,0,2,,Character\Pandaren\FacialHair19_02.blp,,1,20,8
26159,21,0,2,,Character\Pandaren\FacialHair19_03.blp,,1,20,9
26160,21,0,2,,Character\Pandaren\FacialHair19_04.blp,,1,20,10
26161,21,0,2,,Character\Pandaren\FacialHair19_01.blp,,1,20,11
26162,21,0,2,,Character\Pandaren\FacialHair19_02.blp,,1,20,12
26163,21,0,2,,Character\Pandaren\FacialHair19_03.blp,,1,20,13
26164,21,0,2,,Character\Pandaren\FacialHair20_00.blp,,1,21,0
26165,21,0,2,,Character\Pandaren\FacialHair20_01.blp,,1,21,1
26166,21,0,2,,Character\Pandaren\FacialHair20_02.blp,,1,21,2
26167,21,0,2,,Character\Pandaren\FacialHair20_03.blp,,1,21,3
26168,21,0,2,,Character\Pandaren\FacialHair20_04.blp,,1,21,4
26169,21,0,2,,Character\Pandaren\FacialHair20_05.blp,,1,21,5
26170,21,0,2,,Character\Pandaren\FacialHair20_00.blp,,1,21,6
26171,21,0,2,,Character\Pandaren\FacialHair20_01.blp,,1,21,7
26172,21,0,2,,Character\Pandaren\FacialHair20_02.blp,,1,21,8
26173,21,0,2,,Character\Pandaren\FacialHair20_03.blp,,1,21,9
26174,21,0,2,,Character\Pandaren\FacialHair20_04.blp,,1,21,10
26175,21,0,2,,Character\Pandaren\FacialHair20_01.blp,,1,21,11
26176,21,0,2,,Character\Pandaren\FacialHair20_02.blp,,1,21,12
26177,21,0,2,,Character\Pandaren\FacialHair20_03.blp,,1,21,13
26178,21,0,2,,Character\Pandaren\FacialHair21_00.blp,,1,22,0
26179,21,0,2,,Character\Pandaren\FacialHair21_01.blp,,1,22,1
26180,21,0,2,,Character\Pandaren\FacialHair21_02.blp,,1,22,2
26181,21,0,2,,Character\Pandaren\FacialHair21_03.blp,,1,22,3
26182,21,0,2,,Character\Pandaren\FacialHair21_04.blp,,1,22,4
26183,21,0,2,,Character\Pandaren\FacialHair21_05.blp,,1,22,5
26184,21,0,2,,Character\Pandaren\FacialHair21_00.blp,,1,22,6
26185,21,0,2,,Character\Pandaren\FacialHair21_01.blp,,1,22,7
26186,21,0,2,,Character\Pandaren\FacialHair21_02.blp,,1,22,8
26187,21,0,2,,Character\Pandaren\FacialHair21_03.blp,,1,22,9
26188,21,0,2,,Character\Pandaren\FacialHair21_04.blp,,1,22,10
26189,21,0,2,,Character\Pandaren\FacialHair21_01.blp,,1,22,11
26190,21,0,2,,Character\Pandaren\FacialHair21_02.blp,,1,22,12
26191,21,0,2,,Character\Pandaren\FacialHair21_03.blp,,1,22,13
26192,21,0,2,,Character\Pandaren\FacialHair22_00.blp,,1,23,0
26193,21,0,2,,Character\Pandaren\FacialHair22_01.blp,,1,23,1
26194,21,0,2,,Character\Pandaren\FacialHair22_02.blp,,1,23,2
26195,21,0,2,,Character\Pandaren\FacialHair22_03.blp,,1,23,3
26196,21,0,2,,Character\Pandaren\FacialHair22_04.blp,,1,23,4
26197,21,0,2,,Character\Pandaren\FacialHair22_05.blp,,1,23,5
26198,21,0,2,,Character\Pandaren\FacialHair22_00.blp,,1,23,6
26199,21,0,2,,Character\Pandaren\FacialHair22_01.blp,,1,23,7
26200,21,0,2,,Character\Pandaren\FacialHair22_02.blp,,1,23,8
26201,21,0,2,,Character\Pandaren\FacialHair22_03.blp,,1,23,9
26202,21,0,2,,Character\Pandaren\FacialHair22_04.blp,,1,23,10
26203,21,0,2,,Character\Pandaren\FacialHair22_01.blp,,1,23,11
26204,21,0,2,,Character\Pandaren\FacialHair22_02.blp,,1,23,12
26205,21,0,2,,Character\Pandaren\FacialHair22_03.blp,,1,23,13
26206,21,0,2,,Character\Pandaren\FacialHair23_00.blp,,1,24,0
26207,21,0,2,,Character\Pandaren\FacialHair23_01.blp,,1,24,1
26208,21,0,2,,Character\Pandaren\FacialHair23_02.blp,,1,24,2
26209,21,0,2,,Character\Pandaren\FacialHair23_03.blp,,1,24,3
26210,21,0,2,,Character\Pandaren\FacialHair23_04.blp,,1,24,4
26211,21,0,2,,Character\Pandaren\FacialHair23_05.blp,,1,24,5
26212,21,0,2,,Character\Pandaren\FacialHair23_00.blp,,1,24,6
26213,21,0,2,,Character\Pandaren\FacialHair23_01.blp,,1,24,7
26214,21,0,2,,Character\Pandaren\FacialHair23_02.blp,,1,24,8
26215,21,0,2,,Character\Pandaren\FacialHair23_03.blp,,1,24,9
26216,21,0,2,,Character\Pandaren\FacialHair23_04.blp,,1,24,10
26217,21,0,2,,Character\Pandaren\FacialHair23_01.blp,,1,24,11
26218,21,0,2,,Character\Pandaren\FacialHair23_02.blp,,1,24,12
26219,21,0,2,,Character\Pandaren\FacialHair23_03.blp,,1,24,13
26220,21,0,2,,Character\Pandaren\FacialHair24_00.blp,,1,25,0
26221,21,0,2,,Character\Pandaren\FacialHair24_01.blp,,1,25,1
26222,21,0,2,,Character\Pandaren\FacialHair24_02.blp,,1,25,2
26223,21,0,2,,Character\Pandaren\FacialHair24_03.blp,,1,25,3
26224,21,0,2,,Character\Pandaren\FacialHair24_04.blp,,1,25,4
26225,21,0,2,,Character\Pandaren\FacialHair24_05.blp,,1,25,5
26226,21,0,2,,Character\Pandaren\FacialHair24_00.blp,,1,25,6
26227,21,0,2,,Character\Pandaren\FacialHair24_01.blp,,1,25,7
26228,21,0,2,,Character\Pandaren\FacialHair24_02.blp,,1,25,8
26229,21,0,2,,Character\Pandaren\FacialHair24_03.blp,,1,25,9
26230,21,0,2,,Character\Pandaren\FacialHair24_04.blp,,1,25,10
26231,21,0,2,,Character\Pandaren\FacialHair24_01.blp,,1,25,11
26232,21,0,2,,Character\Pandaren\FacialHair24_02.blp,,1,25,12
26233,21,0,2,,Character\Pandaren\FacialHair24_03.blp,,1,25,13
26234,21,0,2,,Character\Pandaren\FacialHair25_00.blp,,1,26,0
26235,21,0,2,,Character\Pandaren\FacialHair25_01.blp,,1,26,1
26236,21,0,2,,Character\Pandaren\FacialHair25_02.blp,,1,26,2
26237,21,0,2,,Character\Pandaren\FacialHair25_03.blp,,1,26,3
26238,21,0,2,,Character\Pandaren\FacialHair25_04.blp,,1,26,4
26239,21,0,2,,Character\Pandaren\FacialHair25_05.blp,,1,26,5
26240,21,0,2,,Character\Pandaren\FacialHair25_00.blp,,1,26,6
26241,21,0,2,,Character\Pandaren\FacialHair25_01.blp,,1,26,7
26242,21,0,2,,Character\Pandaren\FacialHair25_02.blp,,1,26,8
26243,21,0,2,,Character\Pandaren\FacialHair25_03.blp,,1,26,9
26244,21,0,2,,Character\Pandaren\FacialHair25_04.blp,,1,26,10
26245,21,0,2,,Character\Pandaren\FacialHair25_01.blp,,1,26,11
26246,21,0,2,,Character\Pandaren\FacialHair25_02.blp,,1,26,12
26247,21,0,2,,Character\Pandaren\FacialHair25_03.blp,,1,26,13
26248,21,0,2,,Character\Pandaren\FacialHair26_00.blp,,1,27,0
26249,21,0,2,,Character\Pandaren\FacialHair26_01.blp,,1,27,1
26250,21,0,2,,Character\Pandaren\FacialHair26_02.blp,,1,27,2
26251,21,0,2,,Character\Pandaren\FacialHair26_03.blp,,1,27,3
26252,21,0,2,,Character\Pandaren\FacialHair26_04.blp,,1,27,4
26253,21,0,2,,Character\Pandaren\FacialHair26_05.blp,,1,27,5
26254,21,0,2,,Character\Pandaren\FacialHair26_00.blp,,1,27,6
26255,21,0,2,,Character\Pandaren\FacialHair26_01.blp,,1,27,7
26256,21,0,2,,Character\Pandaren\FacialHair26_02.blp,,1,27,8
26257,21,0,2,,Character\Pandaren\FacialHair26_03.blp,,1,27,9
26258,21,0,2,,Character\Pandaren\FacialHair26_04.blp,,1,27,10
26259,21,0,2,,Character\Pandaren\FacialHair26_01.blp,,1,27,11
26260,21,0,2,,Character\Pandaren\FacialHair26_02.blp,,1,27,12
26261,21,0,2,,Character\Pandaren\FacialHair26_03.blp,,1,27,13
26262,21,0,2,,Character\Pandaren\FacialHair27_00.blp,,1,28,0
26263,21,0,2,,Character\Pandaren\FacialHair27_01.blp,,1,28,1
26264,21,0,2,,Character\Pandaren\FacialHair27_02.blp,,1,28,2
26265,21,0,2,,Character\Pandaren\FacialHair27_03.blp,,1,28,3
26266,21,0,2,,Character\Pandaren\FacialHair27_04.blp,,1,28,4
26267,21,0,2,,Character\Pandaren\FacialHair27_05.blp,,1,28,5
26268,21,0,2,,Character\Pandaren\FacialHair27_00.blp,,1,28,6
26269,21,0,2,,Character\Pandaren\FacialHair27_01.blp,,1,28,7
26270,21,0,2,,Character\Pandaren\FacialHair27_02.blp,,1,28,8
26271,21,0,2,,Character\Pandaren\FacialHair27_03.blp,,1,28,9
26272,21,0,2,,Character\Pandaren\FacialHair27_04.blp,,1,28,10
26273,21,0,2,,Character\Pandaren\FacialHair27_01.blp,,1,28,11
26274,21,0,2,,Character\Pandaren\FacialHair27_02.blp,,1,28,12
26275,21,0,2,,Character\Pandaren\FacialHair27_03.blp,,1,28,13
26276,21,0,2,,Character\Pandaren\FacialHair28_00.blp,,1,29,0
26277,21,0,2,,Character\Pandaren\FacialHair28_01.blp,,1,29,1
26278,21,0,2,,Character\Pandaren\FacialHair28_02.blp,,1,29,2
26279,21,0,2,,Character\Pandaren\FacialHair28_03.blp,,1,29,3
26280,21,0,2,,Character\Pandaren\FacialHair28_04.blp,,1,29,4
26281,21,0,2,,Character\Pandaren\FacialHair28_05.blp,,1,29,5
26282,21,0,2,,Character\Pandaren\FacialHair28_00.blp,,1,29,6
26283,21,0,2,,Character\Pandaren\FacialHair28_01.blp,,1,29,7
26284,21,0,2,,Character\Pandaren\FacialHair28_02.blp,,1,29,8
26285,21,0,2,,Character\Pandaren\FacialHair28_03.blp,,1,29,9
26286,21,0,2,,Character\Pandaren\FacialHair28_04.blp,,1,29,10
26287,21,0,2,,Character\Pandaren\FacialHair28_01.blp,,1,29,11
26288,21,0,2,,Character\Pandaren\FacialHair28_02.blp,,1,29,12
26289,21,0,2,,Character\Pandaren\FacialHair28_03.blp,,1,29,13
26290,21,0,2,,Character\Pandaren\FacialHair29_00.blp,,1,30,0
26291,21,0,2,,Character\Pandaren\FacialHair29_01.blp,,1,30,1
26292,21,0,2,,Character\Pandaren\FacialHair29_02.blp,,1,30,2
26293,21,0,2,,Character\Pandaren\FacialHair29_03.blp,,1,30,3
26294,21,0,2,,Character\Pandaren\FacialHair29_04.blp,,1,30,4
26295,21,0,2,,Character\Pandaren\FacialHair29_05.blp,,1,30,5
26296,21,0,2,,Character\Pandaren\FacialHair29_00.blp,,1,30,6
26297,21,0,2,,Character\Pandaren\FacialHair29_01.blp,,1,30,7
26298,21,0,2,,Character\Pandaren\FacialHair29_02.blp,,1,30,8
26299,21,0,2,,Character\Pandaren\FacialHair29_03.blp,,1,30,9
26300,21,0,2,,Character\Pandaren\FacialHair29_04.blp,,1,30,10
26301,21,0,2,,Character\Pandaren\FacialHair29_01.blp,,1,30,11
26302,21,0,2,,Character\Pandaren\FacialHair29_02.blp,,1,30,12
26303,21,0,2,,Character\Pandaren\FacialHair29_03.blp,,1,30,13
26304,21,0,3,Character\Pandaren\Male\PandaMaleSkinExtra00_00.blp,,,1,0,0
26305,21,0,3,Character\Pandaren\Male\PandaMaleSkinExtra00_01.blp,,,1,0,1
26306,21,0,3,Character\Pandaren\Male\PandaMaleSkinExtra00_02.blp,,,1,0,2
26307,21,0,3,Character\Pandaren\Male\PandaMaleSkinExtra00_03.blp,,,1,0,3
26308,21,0,3,Character\Pandaren\Male\PandaMaleSkinExtra00_04.blp,,,1,0,4
26309,21,0,3,Character\Pandaren\Male\PandaMaleSkinExtra00_05.blp,,,1,0,5
26310,21,0,3,Character\Pandaren\Male\PandaMaleSkinExtra00_00.blp,,,1,0,6
26311,21,0,3,Character\Pandaren\Male\PandaMaleSkinExtra00_01.blp,,,1,0,7
26312,21,0,3,Character\Pandaren\Male\PandaMaleSkinExtra00_02.blp,,,1,0,8
26313,21,0,3,Character\Pandaren\Male\PandaMaleSkinExtra00_03.blp,,,1,0,9
26314,21,0,3,Character\Pandaren\Male\PandaMaleSkinExtra00_04.blp,,,1,0,10
26315,21,0,3,Character\Pandaren\Male\PandaMaleSkinExtra00_01.blp,,,1,0,11
26316,21,0,3,Character\Pandaren\Male\PandaMaleSkinExtra00_02.blp,,,1,0,12
26317,21,0,3,Character\Pandaren\Male\PandaMaleSkinExtra00_03.blp,,,1,0,13
26318,21,0,3,Character\Pandaren\Male\PandaMaleSkinExtra00_00.blp,,Character\Pandaren\ScalpHair00_00.blp,1,1,0
26319,21,0,3,Character\Pandaren\Male\PandaMaleSkinExtra00_01.blp,,Character\Pandaren\ScalpHair00_01.blp,1,1,1
26320,21,0,3,Character\Pandaren\Male\PandaMaleSkinExtra00_02.blp,,Character\Pandaren\ScalpHair00_02.blp,1,1,2
26321,21,0,3,Character\Pandaren\Male\PandaMaleSkinExtra00_03.blp,,Character\Pandaren\ScalpHair00_03.blp,1,1,3
26322,21,0,3,Character\Pandaren\Male\PandaMaleSkinExtra00_04.blp,,Character\Pandaren\ScalpHair00_04.blp,1,1,4
26323,21,0,3,Character\Pandaren\Male\PandaMaleSkinExtra00_05.blp,,Character\Pandaren\ScalpHair00_05.blp,1,1,5
26324,21,0,3,Character\Pandaren\Male\PandaMaleSkinExtra00_00.blp,,Character\Pandaren\ScalpHair00_00.blp,1,1,6
26325,21,0,3,Character\Pandaren\Male\PandaMaleSkinExtra00_01.blp,,Character\Pandaren\ScalpHair00_01.blp,1,1,7
26326,21,0,3,Character\Pandaren\Male\PandaMaleSkinExtra00_02.blp,,Character\Pandaren\ScalpHair00_02.blp,1,1,8
26327,21,0,3,Character\Pandaren\Male\PandaMaleSkinExtra00_03.blp,,Character\Pandaren\ScalpHair00_03.blp,1,1,9
26328,21,0,3,Character\Pandaren\Male\PandaMaleSkinExtra00_04.blp,,Character\Pandaren\ScalpHair00_04.blp,1,1,10
26329,21,0,3,Character\Pandaren\Male\PandaMaleSkinExtra00_01.blp,,Character\Pandaren\ScalpHair00_01.blp,1,1,11
26330,21,0,3,Character\Pandaren\Male\PandaMaleSkinExtra00_02.blp,,Character\Pandaren\ScalpHair00_02.blp,1,1,12
26331,21,0,3,Character\Pandaren\Male\PandaMaleSkinExtra00_03.blp,,Character\Pandaren\ScalpHair00_03.blp,1,1,13
26332,21,0,3,Character\Pandaren\Male\PandaMaleSkinExtra00_00.blp,,Character\Pandaren\ScalpHair01_00.blp,1,2,0
26333,21,0,3,Character\Pandaren\Male\PandaMaleSkinExtra00_01.blp,,Character\Pandaren\ScalpHair01_01.blp,1,2,1
26334,21,0,3,Character\Pandaren\Male\PandaMaleSkinExtra00_02.blp,,Character\Pandaren\ScalpHair01_02.blp,1,2,2
26335,21,0,3,Character\Pandaren\Male\PandaMaleSkinExtra00_03.blp,,Character\Pandaren\ScalpHair01_03.blp,1,2,3
26336,21,0,3,Character\Pandaren\Male\PandaMaleSkinExtra00_04.blp,,Character\Pandaren\ScalpHair01_04.blp,1,2,4
26337,21,0,3,Character\Pandaren\Male\PandaMaleSkinExtra00_05.blp,,Character\Pandaren\ScalpHair01_05.blp,1,2,5
26338,21,0,3,Character\Pandaren\Male\PandaMaleSkinExtra00_00.blp,,Character\Pandaren\ScalpHair01_00.blp,1,2,6
26339,21,0,3,Character\Pandaren\Male\PandaMaleSkinExtra00_01.blp,,Character\Pandaren\ScalpHair01_01.blp,1,2,7
26340,21,0,3,Character\Pandaren\Male\PandaMaleSkinExtra00_02.blp,,Character\Pandaren\ScalpHair01_02.blp,1,2,8
26341,21,0,3,Character\Pandaren\Male\PandaMaleSkinExtra00_03.blp,,Character\Pandaren\ScalpHair01_03.blp,1,2,9
26342,21,0,3,Character\Pandaren\Male\PandaMaleSkinExtra00_04.blp,,Character\Pandaren\ScalpHair01_04.blp,1,2,10
26343,21,0,3,Character\Pandaren\Male\PandaMaleSkinExtra00_01.blp,,Character\Pandaren\ScalpHair01_01.blp,1,2,11
26344,21,0,3,Character\Pandaren\Male\PandaMaleSkinExtra00_02.blp,,Character\Pandaren\ScalpHair01_02.blp,1,2,12
26345,21,0,3,Character\Pandaren\Male\PandaMaleSkinExtra00_03.blp,,Character\Pandaren\ScalpHair01_03.blp,1,2,13
26346,21,0,3,Character\Pandaren\Male\PandaMaleSkinExtra00_00.blp,,Character\Pandaren\ScalpHair02_00.blp,1,3,0
26347,21,0,3,Character\Pandaren\Male\PandaMaleSkinExtra00_01.blp,,Character\Pandaren\ScalpHair02_01.blp,1,3,1
26348,21,0,3,Character\Pandaren\Male\PandaMaleSkinExtra00_02.blp,,Character\Pandaren\ScalpHair02_02.blp,1,3,2
26349,21,0,3,Character\Pandaren\Male\PandaMaleSkinExtra00_03.blp,,Character\Pandaren\ScalpHair02_03.blp,1,3,3
26350,21,0,3,Character\Pandaren\Male\PandaMaleSkinExtra00_04.blp,,Character\Pandaren\ScalpHair02_04.blp,1,3,4
26351,21,0,3,Character\Pandaren\Male\PandaMaleSkinExtra00_05.blp,,Character\Pandaren\ScalpHair02_05.blp,1,3,5
26352,21,0,3,Character\Pandaren\Male\PandaMaleSkinExtra00_00.blp,,Character\Pandaren\ScalpHair02_00.blp,1,3,6
26353,21,0,3,Character\Pandaren\Male\PandaMaleSkinExtra00_01.blp,,Character\Pandaren\ScalpHair02_01.blp,1,3,7
26354,21,0,3,Character\Pandaren\Male\PandaMaleSkinExtra00_02.blp,,Character\Pandaren\ScalpHair02_02.blp,1,3,8
26355,21,0,3,Character\Pandaren\Male\PandaMaleSkinExtra00_03.blp,,Character\Pandaren\ScalpHair02_03.blp,1,3,9
26356,21,0,3,Character\Pandaren\Male\PandaMaleSkinExtra00_04.blp,,Character\Pandaren\ScalpHair02_04.blp,1,3,10
26357,21,0,3,Character\Pandaren\Male\PandaMaleSkinExtra00_01.blp,,Character\Pandaren\ScalpHair02_01.blp,1,3,11
26358,21,0,3,Character\Pandaren\Male\PandaMaleSkinExtra00_02.blp,,Character\Pandaren\ScalpHair02_02.blp,1,3,12
26359,21,0,3,Character\Pandaren\Male\PandaMaleSkinExtra00_03.blp,,Character\Pandaren\ScalpHair02_03.blp,1,3,13
26360,21,0,3,Character\Pandaren\Male\PandaMaleSkinExtra00_00.blp,,Character\Pandaren\ScalpHair05_00.blp,1,4,0
26361,21,0,3,Character\Pandaren\Male\PandaMaleSkinExtra00_01.blp,,Character\Pandaren\ScalpHair05_01.blp,1,4,1
26362,21,0,3,Character\Pandaren\Male\PandaMaleSkinExtra00_02.blp,,Character\Pandaren\ScalpHair05_02.blp,1,4,2
26363,21,0,3,Character\Pandaren\Male\PandaMaleSkinExtra00_03.blp,,Character\Pandaren\ScalpHair05_03.blp,1,4,3
26364,21,0,3,Character\Pandaren\Male\PandaMaleSkinExtra00_04.blp,,Character\Pandaren\ScalpHair05_04.blp,1,4,4
26365,21,0,3,Character\Pandaren\Male\PandaMaleSkinExtra00_05.blp,,Character\Pandaren\ScalpHair05_05.blp,1,4,5
26366,21,0,3,Character\Pandaren\Male\PandaMaleSkinExtra00_00.blp,,Character\Pandaren\ScalpHair05_00.blp,1,4,6
26367,21,0,3,Character\Pandaren\Male\PandaMaleSkinExtra00_01.blp,,Character\Pandaren\ScalpHair05_01.blp,1,4,7
26368,21,0,3,Character\Pandaren\Male\PandaMaleSkinExtra00_02.blp,,Character\Pandaren\ScalpHair05_02.blp,1,4,8
26369,21,0,3,Character\Pandaren\Male\PandaMaleSkinExtra00_03.blp,,Character\Pandaren\ScalpHair05_03.blp,1,4,9
26370,21,0,3,Character\Pandaren\Male\PandaMaleSkinExtra00_04.blp,,Character\Pandaren\ScalpHair05_04.blp,1,4,10
26371,21,0,3,Character\Pandaren\Male\PandaMaleSkinExtra00_01.blp,,Character\Pandaren\ScalpHair05_01.blp,1,4,11
26372,21,0,3,Character\Pandaren\Male\PandaMaleSkinExtra00_02.blp,,Character\Pandaren\ScalpHair05_02.blp,1,4,12
26373,21,0,3,Character\Pandaren\Male\PandaMaleSkinExtra00_03.blp,,Character\Pandaren\ScalpHair05_03.blp,1,4,13
26374,21,0,3,Character\Pandaren\Male\PandaMaleSkinExtra00_00.blp,,Character\Pandaren\ScalpHair02_00.blp,1,5,0
26375,21,0,3,Character\Pandaren\Male\PandaMaleSkinExtra00_01.blp,,Character\Pandaren\ScalpHair02_01.blp,1,5,1
26376,21,0,3,Character\Pandaren\Male\PandaMaleSkinExtra00_02.blp,,Character\Pandaren\ScalpHair02_02.blp,1,5,2
26377,21,0,3,Character\Pandaren\Male\PandaMaleSkinExtra00_03.blp,,Character\Pandaren\ScalpHair02_03.blp,1,5,3
26378,21,0,3,Character\Pandaren\Male\PandaMaleSkinExtra00_04.blp,,Character\Pandaren\ScalpHair02_04.blp,1,5,4
26379,21,0,3,Character\Pandaren\Male\PandaMaleSkinExtra00_05.blp,,Character\Pandaren\ScalpHair02_05.blp,1,5,5
26380,21,0,3,Character\Pandaren\Male\PandaMaleSkinExtra00_00.blp,,Character\Pandaren\ScalpHair02_00.blp,1,5,6
26381,21,0,3,Character\Pandaren\Male\PandaMaleSkinExtra00_01.blp,,Character\Pandaren\ScalpHair02_01.blp,1,5,7
26382,21,0,3,Character\Pandaren\Male\PandaMaleSkinExtra00_02.blp,,Character\Pandaren\ScalpHair02_02.blp,1,5,8
26383,21,0,3,Character\Pandaren\Male\PandaMaleSkinExtra00_03.blp,,Character\Pandaren\ScalpHair02_03.blp,1,5,9
26384,21,0,3,Character\Pandaren\Male\PandaMaleSkinExtra00_04.blp,,Character\Pandaren\ScalpHair02_04.blp,1,5,10
26385,21,0,3,Character\Pandaren\Male\PandaMaleSkinExtra00_01.blp,,Character\Pandaren\ScalpHair02_01.blp,1,5,11
26386,21,0,3,Character\Pandaren\Male\PandaMaleSkinExtra00_02.blp,,Character\Pandaren\ScalpHair02_02.blp,1,5,12
26387,21,0,3,Character\Pandaren\Male\PandaMaleSkinExtra00_03.blp,,Character\Pandaren\ScalpHair02_03.blp,1,5,13
26388,21,0,3,Character\Pandaren\Male\PandaMaleSkinExtra00_00.blp,,Character\Pandaren\ScalpHair05_00.blp,1,6,0
26389,21,0,3,Character\Pandaren\Male\PandaMaleSkinExtra00_01.blp,,Character\Pandaren\ScalpHair05_01.blp,1,6,1
26390,21,0,3,Character\Pandaren\Male\PandaMaleSkinExtra00_02.blp,,Character\Pandaren\ScalpHair05_02.blp,1,6,2
26391,21,0,3,Character\Pandaren\Male\PandaMaleSkinExtra00_03.blp,,Character\Pandaren\ScalpHair05_03.blp,1,6,3
26392,21,0,3,Character\Pandaren\Male\PandaMaleSkinExtra00_04.blp,,Character\Pandaren\ScalpHair05_04.blp,1,6,4
26393,21,0,3,Character\Pandaren\Male\PandaMaleSkinExtra00_05.blp,,Character\Pandaren\ScalpHair05_05.blp,1,6,5
26394,21,0,3,Character\Pandaren\Male\PandaMaleSkinExtra00_00.blp,,Character\Pandaren\ScalpHair05_00.blp,1,6,6
26395,21,0,3,Character\Pandaren\Male\PandaMaleSkinExtra00_01.blp,,Character\Pandaren\ScalpHair05_01.blp,1,6,7
26396,21,0,3,Character\Pandaren\Male\PandaMaleSkinExtra00_02.blp,,Character\Pandaren\ScalpHair05_02.blp,1,6,8
26397,21,0,3,Character\Pandaren\Male\PandaMaleSkinExtra00_03.blp,,Character\Pandaren\ScalpHair05_03.blp,1,6,9
26398,21,0,3,Character\Pandaren\Male\PandaMaleSkinExtra00_04.blp,,Character\Pandaren\ScalpHair05_04.blp,1,6,10
26399,21,0,3,Character\Pandaren\Male\PandaMaleSkinExtra00_01.blp,,Character\Pandaren\ScalpHair05_01.blp,1,6,11
26400,21,0,3,Character\Pandaren\Male\PandaMaleSkinExtra00_02.blp,,Character\Pandaren\ScalpHair05_02.blp,1,6,12
26401,21,0,3,Character\Pandaren\Male\PandaMaleSkinExtra00_03.blp,,Character\Pandaren\ScalpHair05_03.blp,1,6,13
26402,21,0,3,Character\Pandaren\Male\PandaMaleSkinExtra00_00.blp,,Character\Pandaren\ScalpHair02_00.blp,1,7,0
26403,21,0,3,Character\Pandaren\Male\PandaMaleSkinExtra00_01.blp,,Character\Pandaren\ScalpHair02_01.blp,1,7,1
26404,21,0,3,Character\Pandaren\Male\PandaMaleSkinExtra00_02.blp,,Character\Pandaren\ScalpHair02_02.blp,1,7,2
26405,21,0,3,Character\Pandaren\Male\PandaMaleSkinExtra00_03.blp,,Character\Pandaren\ScalpHair02_03.blp,1,7,3
26406,21,0,3,Character\Pandaren\Male\PandaMaleSkinExtra00_04.blp,,Character\Pandaren\ScalpHair02_04.blp,1,7,4
26407,21,0,3,Character\Pandaren\Male\PandaMaleSkinExtra00_05.blp,,Character\Pandaren\ScalpHair02_05.blp,1,7,5
26408,21,0,3,Character\Pandaren\Male\PandaMaleSkinExtra00_00.blp,,Character\Pandaren\ScalpHair02_00.blp,1,7,6
26409,21,0,3,Character\Pandaren\Male\PandaMaleSkinExtra00_01.blp,,Character\Pandaren\ScalpHair02_01.blp,1,7,7
26410,21,0,3,Character\Pandaren\Male\PandaMaleSkinExtra00_02.blp,,Character\Pandaren\ScalpHair02_02.blp,1,7,8
26411,21,0,3,Character\Pandaren\Male\PandaMaleSkinExtra00_03.blp,,Character\Pandaren\ScalpHair02_03.blp,1,7,9
26412,21,0,3,Character\Pandaren\Male\PandaMaleSkinExtra00_04.blp,,Character\Pandaren\ScalpHair02_04.blp,1,7,10
26413,21,0,3,Character\Pandaren\Male\PandaMaleSkinExtra00_01.blp,,Character\Pandaren\ScalpHair02_01.blp,1,7,11
26414,21,0,3,Character\Pandaren\Male\PandaMaleSkinExtra00_02.blp,,Character\Pandaren\ScalpHair02_02.blp,1,7,12
26415,21,0,3,Character\Pandaren\Male\PandaMaleSkinExtra00_03.blp,,Character\Pandaren\ScalpHair02_03.blp,1,7,13
26416,21,0,3,Character\Pandaren\Male\PandaMaleSkinExtra00_00.blp,,Character\Pandaren\ScalpHair05_00.blp,1,8,0
26417,21,0,3,Character\Pandaren\Male\PandaMaleSkinExtra00_01.blp,,Character\Pandaren\ScalpHair05_01.blp,1,8,1
26418,21,0,3,Character\Pandaren\Male\PandaMaleSkinExtra00_02.blp,,Character\Pandaren\ScalpHair05_02.blp,1,8,2
26419,21,0,3,Character\Pandaren\Male\PandaMaleSkinExtra00_03.blp,,Character\Pandaren\ScalpHair05_03.blp,1,8,3
26420,21,0,3,Character\Pandaren\Male\PandaMaleSkinExtra00_04.blp,,Character\Pandaren\ScalpHair05_04.blp,1,8,4
26421,21,0,3,Character\Pandaren\Male\PandaMaleSkinExtra00_05.blp,,Character\Pandaren\ScalpHair05_05.blp,1,8,5
26422,21,0,3,Character\Pandaren\Male\PandaMaleSkinExtra00_00.blp,,Character\Pandaren\ScalpHair05_00.blp,1,8,6
26423,21,0,3,Character\Pandaren\Male\PandaMaleSkinExtra00_01.blp,,Character\Pandaren\ScalpHair05_01.blp,1,8,7
26424,21,0,3,Character\Pandaren\Male\PandaMaleSkinExtra00_02.blp,,Character\Pandaren\ScalpHair05_02.blp,1,8,8
26425,21,0,3,Character\Pandaren\Male\PandaMaleSkinExtra00_03.blp,,Character\Pandaren\ScalpHair05_03.blp,1,8,9
26426,21,0,3,Character\Pandaren\Male\PandaMaleSkinExtra00_04.blp,,Character\Pandaren\ScalpHair05_04.blp,1,8,10
26427,21,0,3,Character\Pandaren\Male\PandaMaleSkinExtra00_01.blp,,Character\Pandaren\ScalpHair05_01.blp,1,8,11
26428,21,0,3,Character\Pandaren\Male\PandaMaleSkinExtra00_02.blp,,Character\Pandaren\ScalpHair05_02.blp,1,8,12
26429,21,0,3,Character\Pandaren\Male\PandaMaleSkinExtra00_03.blp,,Character\Pandaren\ScalpHair05_03.blp,1,8,13
26430,21,0,3,Character\Pandaren\Male\PandaMaleSkinExtra00_00.blp,,Character\Pandaren\ScalpHair02_00.blp,1,9,0
26431,21,0,3,Character\Pandaren\Male\PandaMaleSkinExtra00_01.blp,,Character\Pandaren\ScalpHair02_01.blp,1,9,1
26432,21,0,3,Character\Pandaren\Male\PandaMaleSkinExtra00_02.blp,,Character\Pandaren\ScalpHair02_02.blp,1,9,2
26433,21,0,3,Character\Pandaren\Male\PandaMaleSkinExtra00_03.blp,,Character\Pandaren\ScalpHair02_03.blp,1,9,3
26434,21,0,3,Character\Pandaren\Male\PandaMaleSkinExtra00_04.blp,,Character\Pandaren\ScalpHair02_04.blp,1,9,4
26435,21,0,3,Character\Pandaren\Male\PandaMaleSkinExtra00_05.blp,,Character\Pandaren\ScalpHair02_05.blp,1,9,5
26436,21,0,3,Character\Pandaren\Male\PandaMaleSkinExtra00_00.blp,,Character\Pandaren\ScalpHair02_00.blp,1,9,6
26437,21,0,3,Character\Pandaren\Male\PandaMaleSkinExtra00_01.blp,,Character\Pandaren\ScalpHair02_01.blp,1,9,7
26438,21,0,3,Character\Pandaren\Male\PandaMaleSkinExtra00_02.blp,,Character\Pandaren\ScalpHair02_02.blp,1,9,8
26439,21,0,3,Character\Pandaren\Male\PandaMaleSkinExtra00_03.blp,,Character\Pandaren\ScalpHair02_03.blp,1,9,9
26440,21,0,3,Character\Pandaren\Male\PandaMaleSkinExtra00_04.blp,,Character\Pandaren\ScalpHair02_04.blp,1,9,10
26441,21,0,3,Character\Pandaren\Male\PandaMaleSkinExtra00_01.blp,,Character\Pandaren\ScalpHair02_01.blp,1,9,11
26442,21,0,3,Character\Pandaren\Male\PandaMaleSkinExtra00_02.blp,,Character\Pandaren\ScalpHair02_02.blp,1,9,12
26443,21,0,3,Character\Pandaren\Male\PandaMaleSkinExtra00_03.blp,,Character\Pandaren\ScalpHair02_03.blp,1,9,13
26444,21,0,3,Character\Pandaren\Male\PandaMaleSkinExtra00_00.blp,,Character\Pandaren\ScalpHair05_00.blp,1,10,0
26445,21,0,3,Character\Pandaren\Male\PandaMaleSkinExtra00_01.blp,,Character\Pandaren\ScalpHair05_01.blp,1,10,1
26446,21,0,3,Character\Pandaren\Male\PandaMaleSkinExtra00_02.blp,,Character\Pandaren\ScalpHair05_02.blp,1,10,2
26447,21,0,3,Character\Pandaren\Male\PandaMaleSkinExtra00_03.blp,,Character\Pandaren\ScalpHair05_03.blp,1,10,3
26448,21,0,3,Character\Pandaren\Male\PandaMaleSkinExtra00_04.blp,,Character\Pandaren\ScalpHair05_04.blp,1,10,4
26449,21,0,3,Character\Pandaren\Male\PandaMaleSkinExtra00_05.blp,,Character\Pandaren\ScalpHair05_05.blp,1,10,5
26450,21,0,3,Character\Pandaren\Male\PandaMaleSkinExtra00_00.blp,,Character\Pandaren\ScalpHair05_00.blp,1,10,6
26451,21,0,3,Character\Pandaren\Male\PandaMaleSkinExtra00_01.blp,,Character\Pandaren\ScalpHair05_01.blp,1,10,7
26452,21,0,3,Character\Pandaren\Male\PandaMaleSkinExtra00_02.blp,,Character\Pandaren\ScalpHair05_02.blp,1,10,8
26453,21,0,3,Character\Pandaren\Male\PandaMaleSkinExtra00_03.blp,,Character\Pandaren\ScalpHair05_03.blp,1,10,9
26454,21,0,3,Character\Pandaren\Male\PandaMaleSkinExtra00_04.blp,,Character\Pandaren\ScalpHair05_04.blp,1,10,10
26455,21,0,3,Character\Pandaren\Male\PandaMaleSkinExtra00_01.blp,,Character\Pandaren\ScalpHair05_01.blp,1,10,11
26456,21,0,3,Character\Pandaren\Male\PandaMaleSkinExtra00_02.blp,,Character\Pandaren\ScalpHair05_02.blp,1,10,12
26457,21,0,3,Character\Pandaren\Male\PandaMaleSkinExtra00_03.blp,,Character\Pandaren\ScalpHair05_03.blp,1,10,13
26458,21,0,3,Character\Pandaren\Male\PandaMaleSkinExtra00_00.blp,,Character\Pandaren\ScalpHair01_00.blp,1,11,0
26459,21,0,3,Character\Pandaren\Male\PandaMaleSkinExtra00_01.blp,,Character\Pandaren\ScalpHair01_01.blp,1,11,1
26460,21,0,3,Character\Pandaren\Male\PandaMaleSkinExtra00_02.blp,,Character\Pandaren\ScalpHair01_02.blp,1,11,2
26461,21,0,3,Character\Pandaren\Male\PandaMaleSkinExtra00_03.blp,,Character\Pandaren\ScalpHair01_03.blp,1,11,3
26462,21,0,3,Character\Pandaren\Male\PandaMaleSkinExtra00_04.blp,,Character\Pandaren\ScalpHair01_04.blp,1,11,4
26463,21,0,3,Character\Pandaren\Male\PandaMaleSkinExtra00_05.blp,,Character\Pandaren\ScalpHair01_05.blp,1,11,5
26464,21,0,3,Character\Pandaren\Male\PandaMaleSkinExtra00_00.blp,,Character\Pandaren\ScalpHair01_00.blp,1,11,6
26465,21,0,3,Character\Pandaren\Male\PandaMaleSkinExtra00_01.blp,,Character\Pandaren\ScalpHair01_01.blp,1,11,7
26466,21,0,3,Character\Pandaren\Male\PandaMaleSkinExtra00_02.blp,,Character\Pandaren\ScalpHair01_02.blp,1,11,8
26467,21,0,3,Character\Pandaren\Male\PandaMaleSkinExtra00_03.blp,,Character\Pandaren\ScalpHair01_03.blp,1,11,9
26468,21,0,3,Character\Pandaren\Male\PandaMaleSkinExtra00_04.blp,,Character\Pandaren\ScalpHair01_04.blp,1,11,10
26469,21,0,3,Character\Pandaren\Male\PandaMaleSkinExtra00_01.blp,,Character\Pandaren\ScalpHair01_01.blp,1,11,11
26470,21,0,3,Character\Pandaren\Male\PandaMaleSkinExtra00_02.blp,,Character\Pandaren\ScalpHair01_02.blp,1,11,12
26471,21,0,3,Character\Pandaren\Male\PandaMaleSkinExtra00_03.blp,,Character\Pandaren\ScalpHair01_03.blp,1,11,13
26472,21,0,3,Character\Pandaren\Male\PandaMaleSkinExtra00_00.blp,,Character\Pandaren\ScalpHair05_00.blp,1,12,0
26473,21,0,3,Character\Pandaren\Male\PandaMaleSkinExtra00_01.blp,,Character\Pandaren\ScalpHair05_01.blp,1,12,1
26474,21,0,3,Character\Pandaren\Male\PandaMaleSkinExtra00_02.blp,,Character\Pandaren\ScalpHair05_02.blp,1,12,2
26475,21,0,3,Character\Pandaren\Male\PandaMaleSkinExtra00_03.blp,,Character\Pandaren\ScalpHair05_03.blp,1,12,3
26476,21,0,3,Character\Pandaren\Male\PandaMaleSkinExtra00_04.blp,,Character\Pandaren\ScalpHair05_04.blp,1,12,4
26477,21,0,3,Character\Pandaren\Male\PandaMaleSkinExtra00_05.blp,,Character\Pandaren\ScalpHair05_05.blp,1,12,5
26478,21,0,3,Character\Pandaren\Male\PandaMaleSkinExtra00_00.blp,,Character\Pandaren\ScalpHair05_00.blp,1,12,6
26479,21,0,3,Character\Pandaren\Male\PandaMaleSkinExtra00_01.blp,,Character\Pandaren\ScalpHair05_01.blp,1,12,7
26480,21,0,3,Character\Pandaren\Male\PandaMaleSkinExtra00_02.blp,,Character\Pandaren\ScalpHair05_02.blp,1,12,8
26481,21,0,3,Character\Pandaren\Male\PandaMaleSkinExtra00_03.blp,,Character\Pandaren\ScalpHair05_03.blp,1,12,9
26482,21,0,3,Character\Pandaren\Male\PandaMaleSkinExtra00_04.blp,,Character\Pandaren\ScalpHair05_04.blp,1,12,10
26483,21,0,3,Character\Pandaren\Male\PandaMaleSkinExtra00_01.blp,,Character\Pandaren\ScalpHair05_01.blp,1,12,11
26484,21,0,3,Character\Pandaren\Male\PandaMaleSkinExtra00_02.blp,,Character\Pandaren\ScalpHair05_02.blp,1,12,12
26485,21,0,3,Character\Pandaren\Male\PandaMaleSkinExtra00_03.blp,,Character\Pandaren\ScalpHair05_03.blp,1,12,13
26486,21,0,3,Character\Pandaren\Male\PandaMaleSkinExtra00_00.blp,,Character\Pandaren\ScalpHair02_00.blp,1,13,0
26487,21,0,3,Character\Pandaren\Male\PandaMaleSkinExtra00_01.blp,,Character\Pandaren\ScalpHair02_01.blp,1,13,1
26488,21,0,3,Character\Pandaren\Male\PandaMaleSkinExtra00_02.blp,,Character\Pandaren\ScalpHair02_02.blp,1,13,2
26489,21,0,3,Character\Pandaren\Male\PandaMaleSkinExtra00_03.blp,,Character\Pandaren\ScalpHair02_03.blp,1,13,3
26490,21,0,3,Character\Pandaren\Male\PandaMaleSkinExtra00_04.blp,,Character\Pandaren\ScalpHair02_04.blp,1,13,4
26491,21,0,3,Character\Pandaren\Male\PandaMaleSkinExtra00_05.blp,,Character\Pandaren\ScalpHair02_05.blp,1,13,5
26492,21,0,3,Character\Pandaren\Male\PandaMaleSkinExtra00_00.blp,,Character\Pandaren\ScalpHair02_00.blp,1,13,6
26493,21,0,3,Character\Pandaren\Male\PandaMaleSkinExtra00_01.blp,,Character\Pandaren\ScalpHair02_01.blp,1,13,7
26494,21,0,3,Character\Pandaren\Male\PandaMaleSkinExtra00_02.blp,,Character\Pandaren\ScalpHair02_02.blp,1,13,8
26495,21,0,3,Character\Pandaren\Male\PandaMaleSkinExtra00_03.blp,,Character\Pandaren\ScalpHair02_03.blp,1,13,9
26496,21,0,3,Character\Pandaren\Male\PandaMaleSkinExtra00_04.blp,,Character\Pandaren\ScalpHair02_04.blp,1,13,10
26497,21,0,3,Character\Pandaren\Male\PandaMaleSkinExtra00_01.blp,,Character\Pandaren\ScalpHair02_01.blp,1,13,11
26498,21,0,3,Character\Pandaren\Male\PandaMaleSkinExtra00_02.blp,,Character\Pandaren\ScalpHair02_02.blp,1,13,12
26499,21,0,3,Character\Pandaren\Male\PandaMaleSkinExtra00_03.blp,,Character\Pandaren\ScalpHair02_03.blp,1,13,13
26500,21,0,3,Character\Pandaren\Male\PandaMaleSkinExtra00_00.blp,,Character\Pandaren\ScalpHair03_00.blp,1,14,0
26501,21,0,3,Character\Pandaren\Male\PandaMaleSkinExtra00_01.blp,,Character\Pandaren\ScalpHair03_01.blp,1,14,1
26502,21,0,3,Character\Pandaren\Male\PandaMaleSkinExtra00_02.blp,,Character\Pandaren\ScalpHair03_02.blp,1,14,2
26503,21,0,3,Character\Pandaren\Male\PandaMaleSkinExtra00_03.blp,,Character\Pandaren\ScalpHair03_03.blp,1,14,3
26504,21,0,3,Character\Pandaren\Male\PandaMaleSkinExtra00_04.blp,,Character\Pandaren\ScalpHair03_04.blp,1,14,4
26505,21,0,3,Character\Pandaren\Male\PandaMaleSkinExtra00_05.blp,,Character\Pandaren\ScalpHair03_05.blp,1,14,5
26506,21,0,3,Character\Pandaren\Male\PandaMaleSkinExtra00_00.blp,,Character\Pandaren\ScalpHair03_00.blp,1,14,6
26507,21,0,3,Character\Pandaren\Male\PandaMaleSkinExtra00_01.blp,,Character\Pandaren\ScalpHair03_01.blp,1,14,7
26508,21,0,3,Character\Pandaren\Male\PandaMaleSkinExtra00_02.blp,,Character\Pandaren\ScalpHair03_02.blp,1,14,8
26509,21,0,3,Character\Pandaren\Male\PandaMaleSkinExtra00_03.blp,,Character\Pandaren\ScalpHair03_03.blp,1,14,9
26510,21,0,3,Character\Pandaren\Male\PandaMaleSkinExtra00_04.blp,,Character\Pandaren\ScalpHair03_04.blp,1,14,10
26511,21,0,3,Character\Pandaren\Male\PandaMaleSkinExtra00_01.blp,,Character\Pandaren\ScalpHair03_01.blp,1,14,11
26512,21,0,3,Character\Pandaren\Male\PandaMaleSkinExtra00_02.blp,,Character\Pandaren\ScalpHair03_02.blp,1,14,12
26513,21,0,3,Character\Pandaren\Male\PandaMaleSkinExtra00_03.blp,,Character\Pandaren\ScalpHair03_03.blp,1,14,13
26514,21,0,3,Character\Pandaren\Male\PandaMaleSkinExtra00_00.blp,,Character\Pandaren\ScalpHair04_00.blp,1,15,0
26515,21,0,3,Character\Pandaren\Male\PandaMaleSkinExtra00_01.blp,,Character\Pandaren\ScalpHair04_01.blp,1,15,1
26516,21,0,3,Character\Pandaren\Male\PandaMaleSkinExtra00_02.blp,,Character\Pandaren\ScalpHair04_02.blp,1,15,2
26517,21,0,3,Character\Pandaren\Male\PandaMaleSkinExtra00_03.blp,,Character\Pandaren\ScalpHair04_03.blp,1,15,3
26518,21,0,3,Character\Pandaren\Male\PandaMaleSkinExtra00_04.blp,,Character\Pandaren\ScalpHair04_04.blp,1,15,4
26519,21,0,3,Character\Pandaren\Male\PandaMaleSkinExtra00_05.blp,,Character\Pandaren\ScalpHair04_05.blp,1,15,5
26520,21,0,3,Character\Pandaren\Male\PandaMaleSkinExtra00_00.blp,,Character\Pandaren\ScalpHair04_00.blp,1,15,6
26521,21,0,3,Character\Pandaren\Male\PandaMaleSkinExtra00_01.blp,,Character\Pandaren\ScalpHair04_01.blp,1,15,7
26522,21,0,3,Character\Pandaren\Male\PandaMaleSkinExtra00_02.blp,,Character\Pandaren\ScalpHair04_02.blp,1,15,8
26523,21,0,3,Character\Pandaren\Male\PandaMaleSkinExtra00_03.blp,,Character\Pandaren\ScalpHair04_03.blp,1,15,9
26524,21,0,3,Character\Pandaren\Male\PandaMaleSkinExtra00_04.blp,,Character\Pandaren\ScalpHair04_04.blp,1,15,10
26525,21,0,3,Character\Pandaren\Male\PandaMaleSkinExtra00_01.blp,,Character\Pandaren\ScalpHair04_01.blp,1,15,11
26526,21,0,3,Character\Pandaren\Male\PandaMaleSkinExtra00_02.blp,,Character\Pandaren\ScalpHair04_02.blp,1,15,12
26527,21,0,3,Character\Pandaren\Male\PandaMaleSkinExtra00_03.blp,,Character\Pandaren\ScalpHair04_03.blp,1,15,13
26528,21,0,3,Character\Pandaren\Male\PandaMaleSkinExtra00_00.blp,,Character\Pandaren\ScalpHair05_00.blp,1,16,0
26529,21,0,3,Character\Pandaren\Male\PandaMaleSkinExtra00_01.blp,,Character\Pandaren\ScalpHair05_01.blp,1,16,1
26530,21,0,3,Character\Pandaren\Male\PandaMaleSkinExtra00_02.blp,,Character\Pandaren\ScalpHair05_02.blp,1,16,2
26531,21,0,3,Character\Pandaren\Male\PandaMaleSkinExtra00_03.blp,,Character\Pandaren\ScalpHair05_03.blp,1,16,3
26532,21,0,3,Character\Pandaren\Male\PandaMaleSkinExtra00_04.blp,,Character\Pandaren\ScalpHair05_04.blp,1,16,4
26533,21,0,3,Character\Pandaren\Male\PandaMaleSkinExtra00_05.blp,,Character\Pandaren\ScalpHair05_05.blp,1,16,5
26534,21,0,3,Character\Pandaren\Male\PandaMaleSkinExtra00_00.blp,,Character\Pandaren\ScalpHair05_00.blp,1,16,6
26535,21,0,3,Character\Pandaren\Male\PandaMaleSkinExtra00_01.blp,,Character\Pandaren\ScalpHair05_01.blp,1,16,7
26536,21,0,3,Character\Pandaren\Male\PandaMaleSkinExtra00_02.blp,,Character\Pandaren\ScalpHair05_02.blp,1,16,8
26537,21,0,3,Character\Pandaren\Male\PandaMaleSkinExtra00_03.blp,,Character\Pandaren\ScalpHair05_03.blp,1,16,9
26538,21,0,3,Character\Pandaren\Male\PandaMaleSkinExtra00_04.blp,,Character\Pandaren\ScalpHair05_04.blp,1,16,10
26539,21,0,3,Character\Pandaren\Male\PandaMaleSkinExtra00_01.blp,,Character\Pandaren\ScalpHair05_01.blp,1,16,11
26540,21,0,3,Character\Pandaren\Male\PandaMaleSkinExtra00_02.blp,,Character\Pandaren\ScalpHair05_02.blp,1,16,12
26541,21,0,3,Character\Pandaren\Male\PandaMaleSkinExtra00_03.blp,,Character\Pandaren\ScalpHair05_03.blp,1,16,13
26542,21,0,3,Character\Pandaren\Male\PandaMaleSkinExtra00_00.blp,,Character\Pandaren\ScalpHair06_00.blp,1,17,0
26543,21,0,3,Character\Pandaren\Male\PandaMaleSkinExtra00_01.blp,,Character\Pandaren\ScalpHair06_01.blp,1,17,1
26544,21,0,3,Character\Pandaren\Male\PandaMaleSkinExtra00_02.blp,,Character\Pandaren\ScalpHair06_02.blp,1,17,2
26545,21,0,3,Character\Pandaren\Male\PandaMaleSkinExtra00_03.blp,,Character\Pandaren\ScalpHair06_03.blp,1,17,3
26546,21,0,3,Character\Pandaren\Male\PandaMaleSkinExtra00_04.blp,,Character\Pandaren\ScalpHair06_04.blp,1,17,4
26547,21,0,3,Character\Pandaren\Male\PandaMaleSkinExtra00_05.blp,,Character\Pandaren\ScalpHair06_05.blp,1,17,5
26548,21,0,3,Character\Pandaren\Male\PandaMaleSkinExtra00_00.blp,,Character\Pandaren\ScalpHair06_00.blp,1,17,6
26549,21,0,3,Character\Pandaren\Male\PandaMaleSkinExtra00_01.blp,,Character\Pandaren\ScalpHair06_01.blp,1,17,7
26550,21,0,3,Character\Pandaren\Male\PandaMaleSkinExtra00_02.blp,,Character\Pandaren\ScalpHair06_02.blp,1,17,8
26551,21,0,3,Character\Pandaren\Male\PandaMaleSkinExtra00_03.blp,,Character\Pandaren\ScalpHair06_03.blp,1,17,9
26552,21,0,3,Character\Pandaren\Male\PandaMaleSkinExtra00_04.blp,,Character\Pandaren\ScalpHair06_04.blp,1,17,10
26553,21,0,3,Character\Pandaren\Male\PandaMaleSkinExtra00_01.blp,,Character\Pandaren\ScalpHair06_01.blp,1,17,11
26554,21,0,3,Character\Pandaren\Male\PandaMaleSkinExtra00_02.blp,,Character\Pandaren\ScalpHair06_02.blp,1,17,12
26555,21,0,3,Character\Pandaren\Male\PandaMaleSkinExtra00_03.blp,,Character\Pandaren\ScalpHair06_03.blp,1,17,13
26556,21,0,3,Character\Pandaren\Male\PandaMaleSkinExtra00_00.blp,,Character\Pandaren\ScalpHair02_00.blp,17,18,0
26557,21,0,3,Character\Pandaren\Male\PandaMaleSkinExtra00_01.blp,,Character\Pandaren\ScalpHair02_01.blp,17,18,1
26558,21,0,3,Character\Pandaren\Male\PandaMaleSkinExtra00_02.blp,,Character\Pandaren\ScalpHair02_02.blp,17,18,2
26559,21,0,3,Character\Pandaren\Male\PandaMaleSkinExtra00_03.blp,,Character\Pandaren\ScalpHair02_03.blp,17,18,3
26560,21,0,3,Character\Pandaren\Male\PandaMaleSkinExtra00_04.blp,,Character\Pandaren\ScalpHair02_04.blp,17,18,4
26561,21,0,3,Character\Pandaren\Male\PandaMaleSkinExtra00_05.blp,,Character\Pandaren\ScalpHair02_05.blp,17,18,5
26562,21,0,3,Character\Pandaren\Male\PandaMaleSkinExtra00_00.blp,,Character\Pandaren\ScalpHair02_00.blp,17,18,6
26563,21,0,3,Character\Pandaren\Male\PandaMaleSkinExtra00_01.blp,,Character\Pandaren\ScalpHair02_01.blp,17,18,7
26564,21,0,3,Character\Pandaren\Male\PandaMaleSkinExtra00_02.blp,,Character\Pandaren\ScalpHair02_02.blp,17,18,8
26565,21,0,3,Character\Pandaren\Male\PandaMaleSkinExtra00_03.blp,,Character\Pandaren\ScalpHair02_03.blp,17,18,9
26566,21,0,3,Character\Pandaren\Male\PandaMaleSkinExtra00_04.blp,,Character\Pandaren\ScalpHair02_04.blp,17,18,10
26567,21,0,3,Character\Pandaren\Male\PandaMaleSkinExtra00_01.blp,,Character\Pandaren\ScalpHair02_01.blp,17,18,11
26568,21,0,3,Character\Pandaren\Male\PandaMaleSkinExtra00_02.blp,,Character\Pandaren\ScalpHair02_02.blp,17,18,12
26569,21,0,3,Character\Pandaren\Male\PandaMaleSkinExtra00_03.blp,,Character\Pandaren\ScalpHair02_03.blp,17,18,13
26570,21,0,4,Character\Pandaren\Male\PandaMaleNakedPelvisSkin00_00.blp,Character\Pandaren\Male\PandaMaleNakedTorsoSkin00_00.blp,,17,0,0
26571,21,0,4,Character\Pandaren\Male\PandaMaleNakedPelvisSkin00_01.blp,Character\Pandaren\Male\PandaMaleNakedTorsoSkin00_01.blp,,17,0,1
26572,21,0,4,Character\Pandaren\Male\PandaMaleNakedPelvisSkin00_02.blp,Character\Pandaren\Male\PandaMaleNakedTorsoSkin00_02.blp,,17,0,2
26573,21,0,4,Character\Pandaren\Male\PandaMaleNakedPelvisSkin00_03.blp,Character\Pandaren\Male\PandaMaleNakedTorsoSkin00_03.blp,,17,0,3
26574,21,0,4,Character\Pandaren\Male\PandaMaleNakedPelvisSkin00_04.blp,Character\Pandaren\Male\PandaMaleNakedTorsoSkin00_04.blp,,17,0,4
26575,21,0,4,Character\Pandaren\Male\PandaMaleNakedPelvisSkin00_05.blp,Character\Pandaren\Male\PandaMaleNakedTorsoSkin00_05.blp,,17,0,5
26576,21,0,4,Character\Pandaren\Male\PandaMaleNakedPelvisSkin00_06.blp,Character\Pandaren\Male\PandaMaleNakedTorsoSkin00_06.blp,,17,0,6
26577,21,0,4,Character\Pandaren\Male\PandaMaleNakedPelvisSkin00_07.blp,Character\Pandaren\Male\PandaMaleNakedTorsoSkin00_07.blp,,17,0,7
26578,21,0,4,Character\Pandaren\Male\PandaMaleNakedPelvisSkin00_08.blp,Character\Pandaren\Male\PandaMaleNakedTorsoSkin00_08.blp,,17,0,8
26579,21,0,4,Character\Pandaren\Male\PandaMaleNakedPelvisSkin00_09.blp,Character\Pandaren\Male\PandaMaleNakedTorsoSkin00_09.blp,,17,0,9
26580,21,0,4,Character\Pandaren\Male\PandaMaleNakedPelvisSkin00_10.blp,Character\Pandaren\Male\PandaMaleNakedTorsoSkin00_10.blp,,17,0,10
26581,21,0,4,Character\Pandaren\Male\PandaMaleNakedPelvisSkin00_11.blp,Character\Pandaren\Male\PandaMaleNakedTorsoSkin00_11.blp,,17,0,11
26582,21,0,4,Character\Pandaren\Male\PandaMaleNakedPelvisSkin00_12.blp,Character\Pandaren\Male\PandaMaleNakedTorsoSkin00_12.blp,,17,0,12
26583,21,0,4,Character\Pandaren\Male\PandaMaleNakedPelvisSkin00_13.blp,Character\Pandaren\Male\PandaMaleNakedTorsoSkin00_13.blp,,17,0,13
26584,21,1,0,Character\Pandaren\Female\PandaFemaleSkin00_00.blp,Character\Pandaren\Female\PandaFemaleSkinExtra00_00.blp,,17,0,0
26585,21,1,0,Character\Pandaren\Female\PandaFemaleSkin00_01.blp,Character\Pandaren\Female\PandaFemaleSkinExtra00_01.blp,,17,0,1
26586,21,1,0,Character\Pandaren\Female\PandaFemaleSkin00_02.blp,Character\Pandaren\Female\PandaFemaleSkinExtra00_02.blp,,17,0,2
26587,21,1,0,Character\Pandaren\Female\PandaFemaleSkin00_03.blp,Character\Pandaren\Female\PandaFemaleSkinExtra00_03.blp,,17,0,3
26588,21,1,0,Character\Pandaren\Female\PandaFemaleSkin00_04.blp,Character\Pandaren\Female\PandaFemaleSkinExtra00_00.blp,,17,0,4
26589,21,1,0,Character\Pandaren\Female\PandaFemaleSkin00_05.blp,Character\Pandaren\Female\PandaFemaleSkinExtra00_01.blp,,17,0,5
26590,21,1,0,Character\Pandaren\Female\PandaFemaleSkin00_06.blp,Character\Pandaren\Female\PandaFemaleSkinExtra00_02.blp,,17,0,6
26591,21,1,0,Character\Pandaren\Female\PandaFemaleSkin00_07.blp,Character\Pandaren\Female\PandaFemaleSkinExtra00_03.blp,,17,0,7
26592,21,1,0,Character\Pandaren\Female\PandaFemaleSkin00_08.blp,Character\Pandaren\Female\PandaFemaleSkinExtra00_00.blp,,17,0,8
26593,21,1,0,Character\Pandaren\Female\PandaFemaleSkin00_09.blp,Character\Pandaren\Female\PandaFemaleSkinExtra00_01.blp,,17,0,9
26594,21,1,0,Character\Pandaren\Female\PandaFemaleSkin00_10.blp,Character\Pandaren\Female\PandaFemaleSkinExtra00_02.blp,,17,0,10
26595,21,1,0,Character\Pandaren\Female\PandaFemaleSkin00_11.blp,Character\Pandaren\Female\PandaFemaleSkinExtra00_03.blp,,17,0,11
26596,21,1,0,Character\Pandaren\Female\PandaFemaleSkin00_12.blp,Character\Pandaren\Female\PandaFemaleSkinExtra00_01.blp,,17,0,12
26597,21,1,0,Character\Pandaren\Female\PandaFemaleSkin00_13.blp,Character\Pandaren\Female\PandaFemaleSkinExtra00_01.blp,,17,0,13
26598,21,1,1,Character\Pandaren\Female\pandafemalefacelower00_00.blp,Character\Pandaren\Female\PandaFemaleFaceUpper00_00.blp,,17,0,0
26599,21,1,1,Character\Pandaren\Female\pandafemalefacelower00_01.blp,Character\Pandaren\Female\PandaFemaleFaceUpper00_01.blp,,17,0,1
26600,21,1,1,Character\Pandaren\Female\pandafemalefacelower00_02.blp,Character\Pandaren\Female\PandaFemaleFaceUpper00_02.blp,,17,0,2
26601,21,1,1,Character\Pandaren\Female\pandafemalefacelower00_03.blp,Character\Pandaren\Female\PandaFemaleFaceUpper00_03.blp,,17,0,3
26602,21,1,1,Character\Pandaren\Female\pandafemalefacelower00_00.blp,Character\Pandaren\Female\PandaFemaleFaceUpper00_00.blp,,17,0,4
26603,21,1,1,Character\Pandaren\Female\pandafemalefacelower00_01.blp,Character\Pandaren\Female\PandaFemaleFaceUpper00_01.blp,,17,0,5
26604,21,1,1,Character\Pandaren\Female\pandafemalefacelower00_02.blp,Character\Pandaren\Female\PandaFemaleFaceUpper00_02.blp,,17,0,6
26605,21,1,1,Character\Pandaren\Female\pandafemalefacelower00_03.blp,Character\Pandaren\Female\PandaFemaleFaceUpper00_03.blp,,17,0,7
26606,21,1,1,Character\Pandaren\Female\pandafemalefacelower00_00.blp,Character\Pandaren\Female\PandaFemaleFaceUpper00_00.blp,,17,0,8
26607,21,1,1,Character\Pandaren\Female\pandafemalefacelower00_01.blp,Character\Pandaren\Female\PandaFemaleFaceUpper00_01.blp,,17,0,9
26608,21,1,1,Character\Pandaren\Female\pandafemalefacelower00_02.blp,Character\Pandaren\Female\PandaFemaleFaceUpper00_02.blp,,17,0,10
26609,21,1,1,Character\Pandaren\Female\pandafemalefacelower00_03.blp,Character\Pandaren\Female\PandaFemaleFaceUpper00_03.blp,,17,0,11
26610,21,1,1,Character\Pandaren\Female\pandafemalefacelower00_01.blp,Character\Pandaren\Female\PandaFemaleFaceUpper00_01.blp,,17,0,12
26611,21,1,1,Character\Pandaren\Female\pandafemalefacelower00_01.blp,Character\Pandaren\Female\PandaFemaleFaceUpper00_01.blp,,17,0,13
26612,21,1,1,Character\Pandaren\Female\pandafemalefacelower01_00.blp,Character\Pandaren\Female\PandaFemaleFaceUpper01_00.blp,,17,1,0
26613,21,1,1,Character\Pandaren\Female\pandafemalefacelower01_01.blp,Character\Pandaren\Female\PandaFemaleFaceUpper01_01.blp,,17,1,1
26614,21,1,1,Character\Pandaren\Female\pandafemalefacelower01_02.blp,Character\Pandaren\Female\PandaFemaleFaceUpper01_02.blp,,17,1,2
26615,21,1,1,Character\Pandaren\Female\pandafemalefacelower01_03.blp,Character\Pandaren\Female\PandaFemaleFaceUpper01_03.blp,,17,1,3
26616,21,1,1,Character\Pandaren\Female\pandafemalefacelower01_00.blp,Character\Pandaren\Female\PandaFemaleFaceUpper01_00.blp,,17,1,4
26617,21,1,1,Character\Pandaren\Female\pandafemalefacelower01_01.blp,Character\Pandaren\Female\PandaFemaleFaceUpper01_01.blp,,17,1,5
26618,21,1,1,Character\Pandaren\Female\pandafemalefacelower01_02.blp,Character\Pandaren\Female\PandaFemaleFaceUpper01_02.blp,,17,1,6
26619,21,1,1,Character\Pandaren\Female\pandafemalefacelower01_03.blp,Character\Pandaren\Female\PandaFemaleFaceUpper01_03.blp,,17,1,7
26620,21,1,1,Character\Pandaren\Female\pandafemalefacelower01_00.blp,Character\Pandaren\Female\PandaFemaleFaceUpper01_00.blp,,17,1,8
26621,21,1,1,Character\Pandaren\Female\pandafemalefacelower01_01.blp,Character\Pandaren\Female\PandaFemaleFaceUpper01_01.blp,,17,1,9
26622,21,1,1,Character\Pandaren\Female\pandafemalefacelower01_02.blp,Character\Pandaren\Female\PandaFemaleFaceUpper01_02.blp,,17,1,10
26623,21,1,1,Character\Pandaren\Female\pandafemalefacelower01_03.blp,Character\Pandaren\Female\PandaFemaleFaceUpper01_03.blp,,17,1,11
26624,21,1,1,Character\Pandaren\Female\pandafemalefacelower01_01.blp,Character\Pandaren\Female\PandaFemaleFaceUpper01_01.blp,,17,1,12
26625,21,1,1,Character\Pandaren\Female\pandafemalefacelower01_01.blp,Character\Pandaren\Female\PandaFemaleFaceUpper01_01.blp,,17,1,13
26626,21,1,1,Character\Pandaren\Female\pandafemalefacelower02_00.blp,Character\Pandaren\Female\PandaFemaleFaceUpper02_00.blp,,17,2,0
26627,21,1,1,Character\Pandaren\Female\pandafemalefacelower02_01.blp,Character\Pandaren\Female\PandaFemaleFaceUpper02_01.blp,,17,2,1
26628,21,1,1,Character\Pandaren\Female\pandafemalefacelower02_02.blp,Character\Pandaren\Female\PandaFemaleFaceUpper02_02.blp,,17,2,2
26629,21,1,1,Character\Pandaren\Female\pandafemalefacelower02_03.blp,Character\Pandaren\Female\PandaFemaleFaceUpper02_03.blp,,17,2,3
26630,21,1,1,Character\Pandaren\Female\pandafemalefacelower02_00.blp,Character\Pandaren\Female\PandaFemaleFaceUpper02_00.blp,,17,2,4
26631,21,1,1,Character\Pandaren\Female\pandafemalefacelower02_01.blp,Character\Pandaren\Female\PandaFemaleFaceUpper02_01.blp,,17,2,5
26632,21,1,1,Character\Pandaren\Female\pandafemalefacelower02_02.blp,Character\Pandaren\Female\PandaFemaleFaceUpper02_02.blp,,17,2,6
26633,21,1,1,Character\Pandaren\Female\pandafemalefacelower02_03.blp,Character\Pandaren\Female\PandaFemaleFaceUpper02_03.blp,,17,2,7
26634,21,1,1,Character\Pandaren\Female\pandafemalefacelower02_00.blp,Character\Pandaren\Female\PandaFemaleFaceUpper02_00.blp,,17,2,8
26635,21,1,1,Character\Pandaren\Female\pandafemalefacelower02_01.blp,Character\Pandaren\Female\PandaFemaleFaceUpper02_01.blp,,17,2,9
26636,21,1,1,Character\Pandaren\Female\pandafemalefacelower02_02.blp,Character\Pandaren\Female\PandaFemaleFaceUpper02_02.blp,,17,2,10
26637,21,1,1,Character\Pandaren\Female\pandafemalefacelower02_03.blp,Character\Pandaren\Female\PandaFemaleFaceUpper02_03.blp,,17,2,11
26638,21,1,1,Character\Pandaren\Female\pandafemalefacelower02_01.blp,Character\Pandaren\Female\PandaFemaleFaceUpper02_01.blp,,17,2,12
26639,21,1,1,Character\Pandaren\Female\pandafemalefacelower02_01.blp,Character\Pandaren\Female\PandaFemaleFaceUpper02_01.blp,,17,2,13
26640,21,1,1,Character\Pandaren\Female\pandafemalefacelower03_00.blp,Character\Pandaren\Female\PandaFemaleFaceUpper03_00.blp,,17,3,0
26641,21,1,1,Character\Pandaren\Female\pandafemalefacelower03_01.blp,Character\Pandaren\Female\PandaFemaleFaceUpper03_01.blp,,17,3,1
26642,21,1,1,Character\Pandaren\Female\pandafemalefacelower03_02.blp,Character\Pandaren\Female\PandaFemaleFaceUpper03_02.blp,,17,3,2
26643,21,1,1,Character\Pandaren\Female\pandafemalefacelower03_03.blp,Character\Pandaren\Female\PandaFemaleFaceUpper03_03.blp,,17,3,3
26644,21,1,1,Character\Pandaren\Female\pandafemalefacelower03_00.blp,Character\Pandaren\Female\PandaFemaleFaceUpper03_00.blp,,17,3,4
26645,21,1,1,Character\Pandaren\Female\pandafemalefacelower03_01.blp,Character\Pandaren\Female\PandaFemaleFaceUpper03_01.blp,,17,3,5
26646,21,1,1,Character\Pandaren\Female\pandafemalefacelower03_02.blp,Character\Pandaren\Female\PandaFemaleFaceUpper03_02.blp,,17,3,6
26647,21,1,1,Character\Pandaren\Female\pandafemalefacelower03_03.blp,Character\Pandaren\Female\PandaFemaleFaceUpper03_03.blp,,17,3,7
26648,21,1,1,Character\Pandaren\Female\pandafemalefacelower03_00.blp,Character\Pandaren\Female\PandaFemaleFaceUpper03_00.blp,,17,3,8
26649,21,1,1,Character\Pandaren\Female\pandafemalefacelower03_01.blp,Character\Pandaren\Female\PandaFemaleFaceUpper03_01.blp,,17,3,9
26650,21,1,1,Character\Pandaren\Female\pandafemalefacelower03_02.blp,Character\Pandaren\Female\PandaFemaleFaceUpper03_02.blp,,17,3,10
26651,21,1,1,Character\Pandaren\Female\pandafemalefacelower03_03.blp,Character\Pandaren\Female\PandaFemaleFaceUpper03_03.blp,,17,3,11
26652,21,1,1,Character\Pandaren\Female\pandafemalefacelower03_01.blp,Character\Pandaren\Female\PandaFemaleFaceUpper03_01.blp,,17,3,12
26653,21,1,1,Character\Pandaren\Female\pandafemalefacelower03_01.blp,Character\Pandaren\Female\PandaFemaleFaceUpper03_01.blp,,17,3,13
26654,21,1,1,Character\Pandaren\Female\pandafemalefacelower04_00.blp,Character\Pandaren\Female\PandaFemaleFaceUpper04_00.blp,,17,4,0
26655,21,1,1,Character\Pandaren\Female\pandafemalefacelower04_01.blp,Character\Pandaren\Female\PandaFemaleFaceUpper04_01.blp,,17,4,1
26656,21,1,1,Character\Pandaren\Female\pandafemalefacelower04_02.blp,Character\Pandaren\Female\PandaFemaleFaceUpper04_02.blp,,17,4,2
26657,21,1,1,Character\Pandaren\Female\pandafemalefacelower04_03.blp,Character\Pandaren\Female\PandaFemaleFaceUpper04_03.blp,,17,4,3
26658,21,1,1,Character\Pandaren\Female\pandafemalefacelower04_00.blp,Character\Pandaren\Female\PandaFemaleFaceUpper04_00.blp,,17,4,4
26659,21,1,1,Character\Pandaren\Female\pandafemalefacelower04_01.blp,Character\Pandaren\Female\PandaFemaleFaceUpper04_01.blp,,17,4,5
26660,21,1,1,Character\Pandaren\Female\pandafemalefacelower04_02.blp,Character\Pandaren\Female\PandaFemaleFaceUpper04_02.blp,,17,4,6
26661,21,1,1,Character\Pandaren\Female\pandafemalefacelower04_03.blp,Character\Pandaren\Female\PandaFemaleFaceUpper04_03.blp,,17,4,7
26662,21,1,1,Character\Pandaren\Female\pandafemalefacelower04_00.blp,Character\Pandaren\Female\PandaFemaleFaceUpper04_00.blp,,17,4,8
26663,21,1,1,Character\Pandaren\Female\pandafemalefacelower04_01.blp,Character\Pandaren\Female\PandaFemaleFaceUpper04_01.blp,,17,4,9
26664,21,1,1,Character\Pandaren\Female\pandafemalefacelower04_02.blp,Character\Pandaren\Female\PandaFemaleFaceUpper04_02.blp,,17,4,10
26665,21,1,1,Character\Pandaren\Female\pandafemalefacelower04_03.blp,Character\Pandaren\Female\PandaFemaleFaceUpper04_03.blp,,17,4,11
26666,21,1,1,Character\Pandaren\Female\pandafemalefacelower04_01.blp,Character\Pandaren\Female\PandaFemaleFaceUpper04_01.blp,,17,4,12
26667,21,1,1,Character\Pandaren\Female\pandafemalefacelower04_01.blp,Character\Pandaren\Female\PandaFemaleFaceUpper04_01.blp,,17,4,13
26668,21,1,1,Character\Pandaren\Female\pandafemalefacelower05_00.blp,Character\Pandaren\Female\PandaFemaleFaceUpper05_00.blp,,17,5,0
26669,21,1,1,Character\Pandaren\Female\pandafemalefacelower05_01.blp,Character\Pandaren\Female\PandaFemaleFaceUpper05_01.blp,,17,5,1
26670,21,1,1,Character\Pandaren\Female\pandafemalefacelower05_02.blp,Character\Pandaren\Female\PandaFemaleFaceUpper05_02.blp,,17,5,2
26671,21,1,1,Character\Pandaren\Female\pandafemalefacelower05_03.blp,Character\Pandaren\Female\PandaFemaleFaceUpper05_03.blp,,17,5,3
26672,21,1,1,Character\Pandaren\Female\pandafemalefacelower05_00.blp,Character\Pandaren\Female\PandaFemaleFaceUpper05_00.blp,,17,5,4
26673,21,1,1,Character\Pandaren\Female\pandafemalefacelower05_01.blp,Character\Pandaren\Female\PandaFemaleFaceUpper05_01.blp,,17,5,5
26674,21,1,1,Character\Pandaren\Female\pandafemalefacelower05_02.blp,Character\Pandaren\Female\PandaFemaleFaceUpper05_02.blp,,17,5,6
26675,21,1,1,Character\Pandaren\Female\pandafemalefacelower05_03.blp,Character\Pandaren\Female\PandaFemaleFaceUpper05_03.blp,,17,5,7
26676,21,1,1,Character\Pandaren\Female\pandafemalefacelower05_00.blp,Character\Pandaren\Female\PandaFemaleFaceUpper05_00.blp,,17,5,8
26677,21,1,1,Character\Pandaren\Female\pandafemalefacelower05_01.blp,Character\Pandaren\Female\PandaFemaleFaceUpper05_01.blp,,17,5,9
26678,21,1,1,Character\Pandaren\Female\pandafemalefacelower05_02.blp,Character\Pandaren\Female\PandaFemaleFaceUpper05_02.blp,,17,5,10
26679,21,1,1,Character\Pandaren\Female\pandafemalefacelower05_03.blp,Character\Pandaren\Female\PandaFemaleFaceUpper05_03.blp,,17,5,11
26680,21,1,1,Character\Pandaren\Female\pandafemalefacelower05_01.blp,Character\Pandaren\Female\PandaFemaleFaceUpper05_01.blp,,17,5,12
26681,21,1,1,Character\Pandaren\Female\pandafemalefacelower05_01.blp,Character\Pandaren\Female\PandaFemaleFaceUpper05_01.blp,,17,5,13
26682,21,1,1,Character\Pandaren\Female\pandafemalefacelower06_00.blp,Character\Pandaren\Female\PandaFemaleFaceUpper06_00.blp,,17,6,0
26683,21,1,1,Character\Pandaren\Female\pandafemalefacelower06_01.blp,Character\Pandaren\Female\PandaFemaleFaceUpper06_01.blp,,17,6,1
26684,21,1,1,Character\Pandaren\Female\pandafemalefacelower06_02.blp,Character\Pandaren\Female\PandaFemaleFaceUpper06_02.blp,,17,6,2
26685,21,1,1,Character\Pandaren\Female\pandafemalefacelower06_03.blp,Character\Pandaren\Female\PandaFemaleFaceUpper06_03.blp,,17,6,3
26686,21,1,1,Character\Pandaren\Female\pandafemalefacelower06_00.blp,Character\Pandaren\Female\PandaFemaleFaceUpper06_00.blp,,17,6,4
26687,21,1,1,Character\Pandaren\Female\pandafemalefacelower06_01.blp,Character\Pandaren\Female\PandaFemaleFaceUpper06_01.blp,,17,6,5
26688,21,1,1,Character\Pandaren\Female\pandafemalefacelower06_02.blp,Character\Pandaren\Female\PandaFemaleFaceUpper06_02.blp,,17,6,6
26689,21,1,1,Character\Pandaren\Female\pandafemalefacelower06_03.blp,Character\Pandaren\Female\PandaFemaleFaceUpper06_03.blp,,17,6,7
26690,21,1,1,Character\Pandaren\Female\pandafemalefacelower06_00.blp,Character\Pandaren\Female\PandaFemaleFaceUpper06_00.blp,,17,6,8
26691,21,1,1,Character\Pandaren\Female\pandafemalefacelower06_01.blp,Character\Pandaren\Female\PandaFemaleFaceUpper06_01.blp,,17,6,9
26692,21,1,1,Character\Pandaren\Female\pandafemalefacelower06_02.blp,Character\Pandaren\Female\PandaFemaleFaceUpper06_02.blp,,17,6,10
26693,21,1,1,Character\Pandaren\Female\pandafemalefacelower06_03.blp,Character\Pandaren\Female\PandaFemaleFaceUpper06_03.blp,,17,6,11
26694,21,1,1,Character\Pandaren\Female\pandafemalefacelower06_01.blp,Character\Pandaren\Female\PandaFemaleFaceUpper06_01.blp,,17,6,12
26695,21,1,1,Character\Pandaren\Female\pandafemalefacelower06_01.blp,Character\Pandaren\Female\PandaFemaleFaceUpper06_01.blp,,17,6,13
26696,21,1,1,Character\Pandaren\Female\pandafemalefacelower07_00.blp,Character\Pandaren\Female\PandaFemaleFaceUpper07_00.blp,,17,7,0
26697,21,1,1,Character\Pandaren\Female\pandafemalefacelower07_01.blp,Character\Pandaren\Female\PandaFemaleFaceUpper07_01.blp,,17,7,1
26698,21,1,1,Character\Pandaren\Female\pandafemalefacelower07_02.blp,Character\Pandaren\Female\PandaFemaleFaceUpper07_02.blp,,17,7,2
26699,21,1,1,Character\Pandaren\Female\pandafemalefacelower07_03.blp,Character\Pandaren\Female\PandaFemaleFaceUpper07_03.blp,,17,7,3
26700,21,1,1,Character\Pandaren\Female\pandafemalefacelower07_00.blp,Character\Pandaren\Female\PandaFemaleFaceUpper07_00.blp,,17,7,4
26701,21,1,1,Character\Pandaren\Female\pandafemalefacelower07_01.blp,Character\Pandaren\Female\PandaFemaleFaceUpper07_01.blp,,17,7,5
26702,21,1,1,Character\Pandaren\Female\pandafemalefacelower07_02.blp,Character\Pandaren\Female\PandaFemaleFaceUpper07_02.blp,,17,7,6
26703,21,1,1,Character\Pandaren\Female\pandafemalefacelower07_03.blp,Character\Pandaren\Female\PandaFemaleFaceUpper07_03.blp,,17,7,7
26704,21,1,1,Character\Pandaren\Female\pandafemalefacelower07_00.blp,Character\Pandaren\Female\PandaFemaleFaceUpper07_00.blp,,17,7,8
26705,21,1,1,Character\Pandaren\Female\pandafemalefacelower07_01.blp,Character\Pandaren\Female\PandaFemaleFaceUpper07_01.blp,,17,7,9
26706,21,1,1,Character\Pandaren\Female\pandafemalefacelower07_02.blp,Character\Pandaren\Female\PandaFemaleFaceUpper07_02.blp,,17,7,10
26707,21,1,1,Character\Pandaren\Female\pandafemalefacelower07_03.blp,Character\Pandaren\Female\PandaFemaleFaceUpper07_03.blp,,17,7,11
26708,21,1,1,Character\Pandaren\Female\pandafemalefacelower07_01.blp,Character\Pandaren\Female\PandaFemaleFaceUpper07_01.blp,,17,7,12
26709,21,1,1,Character\Pandaren\Female\pandafemalefacelower07_01.blp,Character\Pandaren\Female\PandaFemaleFaceUpper07_01.blp,,17,7,13
26710,21,1,1,Character\Pandaren\Female\pandafemalefacelower08_00.blp,Character\Pandaren\Female\PandaFemaleFaceUpper08_00.blp,,17,8,0
26711,21,1,1,Character\Pandaren\Female\pandafemalefacelower08_01.blp,Character\Pandaren\Female\PandaFemaleFaceUpper08_01.blp,,17,8,1
26712,21,1,1,Character\Pandaren\Female\pandafemalefacelower08_02.blp,Character\Pandaren\Female\PandaFemaleFaceUpper08_02.blp,,17,8,2
26713,21,1,1,Character\Pandaren\Female\pandafemalefacelower08_03.blp,Character\Pandaren\Female\PandaFemaleFaceUpper08_03.blp,,17,8,3
26714,21,1,1,Character\Pandaren\Female\pandafemalefacelower08_00.blp,Character\Pandaren\Female\PandaFemaleFaceUpper08_00.blp,,17,8,4
26715,21,1,1,Character\Pandaren\Female\pandafemalefacelower08_01.blp,Character\Pandaren\Female\PandaFemaleFaceUpper08_01.blp,,17,8,5
26716,21,1,1,Character\Pandaren\Female\pandafemalefacelower08_02.blp,Character\Pandaren\Female\PandaFemaleFaceUpper08_02.blp,,17,8,6
26717,21,1,1,Character\Pandaren\Female\pandafemalefacelower08_03.blp,Character\Pandaren\Female\PandaFemaleFaceUpper08_03.blp,,17,8,7
26718,21,1,1,Character\Pandaren\Female\pandafemalefacelower08_00.blp,Character\Pandaren\Female\PandaFemaleFaceUpper08_00.blp,,17,8,8
26719,21,1,1,Character\Pandaren\Female\pandafemalefacelower08_01.blp,Character\Pandaren\Female\PandaFemaleFaceUpper08_01.blp,,17,8,9
26720,21,1,1,Character\Pandaren\Female\pandafemalefacelower08_02.blp,Character\Pandaren\Female\PandaFemaleFaceUpper08_02.blp,,17,8,10
26721,21,1,1,Character\Pandaren\Female\pandafemalefacelower08_03.blp,Character\Pandaren\Female\PandaFemaleFaceUpper08_03.blp,,17,8,11
26722,21,1,1,Character\Pandaren\Female\pandafemalefacelower08_01.blp,Character\Pandaren\Female\PandaFemaleFaceUpper08_01.blp,,17,8,12
26723,21,1,1,Character\Pandaren\Female\pandafemalefacelower08_01.blp,Character\Pandaren\Female\PandaFemaleFaceUpper08_01.blp,,17,8,13
26724,21,1,1,Character\Pandaren\Female\pandafemalefacelower09_00.blp,Character\Pandaren\Female\PandaFemaleFaceUpper09_00.blp,,17,9,0
26725,21,1,1,Character\Pandaren\Female\pandafemalefacelower09_01.blp,Character\Pandaren\Female\PandaFemaleFaceUpper09_01.blp,,17,9,1
26726,21,1,1,Character\Pandaren\Female\pandafemalefacelower09_02.blp,Character\Pandaren\Female\PandaFemaleFaceUpper09_02.blp,,17,9,2
26727,21,1,1,Character\Pandaren\Female\pandafemalefacelower09_03.blp,Character\Pandaren\Female\PandaFemaleFaceUpper09_03.blp,,17,9,3
26728,21,1,1,Character\Pandaren\Female\pandafemalefacelower09_00.blp,Character\Pandaren\Female\PandaFemaleFaceUpper09_00.blp,,17,9,4
26729,21,1,1,Character\Pandaren\Female\pandafemalefacelower09_01.blp,Character\Pandaren\Female\PandaFemaleFaceUpper09_01.blp,,17,9,5
26730,21,1,1,Character\Pandaren\Female\pandafemalefacelower09_02.blp,Character\Pandaren\Female\PandaFemaleFaceUpper09_02.blp,,17,9,6
26731,21,1,1,Character\Pandaren\Female\pandafemalefacelower09_03.blp,Character\Pandaren\Female\PandaFemaleFaceUpper09_03.blp,,17,9,7
26732,21,1,1,Character\Pandaren\Female\pandafemalefacelower09_00.blp,Character\Pandaren\Female\PandaFemaleFaceUpper09_00.blp,,17,9,8
26733,21,1,1,Character\Pandaren\Female\pandafemalefacelower09_01.blp,Character\Pandaren\Female\PandaFemaleFaceUpper09_01.blp,,17,9,9
26734,21,1,1,Character\Pandaren\Female\pandafemalefacelower09_02.blp,Character\Pandaren\Female\PandaFemaleFaceUpper09_02.blp,,17,9,10
26735,21,1,1,Character\Pandaren\Female\pandafemalefacelower09_03.blp,Character\Pandaren\Female\PandaFemaleFaceUpper09_03.blp,,17,9,11
26736,21,1,1,Character\Pandaren\Female\pandafemalefacelower09_01.blp,Character\Pandaren\Female\PandaFemaleFaceUpper09_01.blp,,17,9,12
26737,21,1,1,Character\Pandaren\Female\pandafemalefacelower09_01.blp,Character\Pandaren\Female\PandaFemaleFaceUpper09_01.blp,,17,9,13
26738,21,1,1,Character\Pandaren\Female\pandafemalefacelower10_00.blp,Character\Pandaren\Female\PandaFemaleFaceUpper10_00.blp,,17,10,0
26739,21,1,1,Character\Pandaren\Female\pandafemalefacelower10_01.blp,Character\Pandaren\Female\PandaFemaleFaceUpper10_01.blp,,17,10,1
26740,21,1,1,Character\Pandaren\Female\pandafemalefacelower10_02.blp,Character\Pandaren\Female\PandaFemaleFaceUpper10_02.blp,,17,10,2
26741,21,1,1,Character\Pandaren\Female\pandafemalefacelower10_03.blp,Character\Pandaren\Female\PandaFemaleFaceUpper10_03.blp,,17,10,3
26742,21,1,1,Character\Pandaren\Female\pandafemalefacelower10_00.blp,Character\Pandaren\Female\PandaFemaleFaceUpper10_00.blp,,17,10,4
26743,21,1,1,Character\Pandaren\Female\pandafemalefacelower10_01.blp,Character\Pandaren\Female\PandaFemaleFaceUpper10_01.blp,,17,10,5
26744,21,1,1,Character\Pandaren\Female\pandafemalefacelower10_02.blp,Character\Pandaren\Female\PandaFemaleFaceUpper10_02.blp,,17,10,6
26745,21,1,1,Character\Pandaren\Female\pandafemalefacelower10_03.blp,Character\Pandaren\Female\PandaFemaleFaceUpper10_03.blp,,17,10,7
26746,21,1,1,Character\Pandaren\Female\pandafemalefacelower10_00.blp,Character\Pandaren\Female\PandaFemaleFaceUpper10_00.blp,,17,10,8
26747,21,1,1,Character\Pandaren\Female\pandafemalefacelower10_01.blp,Character\Pandaren\Female\PandaFemaleFaceUpper10_01.blp,,17,10,9
26748,21,1,1,Character\Pandaren\Female\pandafemalefacelower10_02.blp,Character\Pandaren\Female\PandaFemaleFaceUpper10_02.blp,,17,10,10
26749,21,1,1,Character\Pandaren\Female\pandafemalefacelower10_03.blp,Character\Pandaren\Female\PandaFemaleFaceUpper10_03.blp,,17,10,11
26750,21,1,1,Character\Pandaren\Female\pandafemalefacelower10_01.blp,Character\Pandaren\Female\PandaFemaleFaceUpper10_01.blp,,17,10,12
26751,21,1,1,Character\Pandaren\Female\pandafemalefacelower10_01.blp,Character\Pandaren\Female\PandaFemaleFaceUpper10_01.blp,,17,10,13
26752,21,1,1,Character\Pandaren\Female\pandafemalefacelower11_00.blp,Character\Pandaren\Female\PandaFemaleFaceUpper11_00.blp,,17,11,0
26753,21,1,1,Character\Pandaren\Female\pandafemalefacelower11_01.blp,Character\Pandaren\Female\PandaFemaleFaceUpper11_01.blp,,17,11,1
26754,21,1,1,Character\Pandaren\Female\pandafemalefacelower11_02.blp,Character\Pandaren\Female\PandaFemaleFaceUpper11_02.blp,,17,11,2
26755,21,1,1,Character\Pandaren\Female\pandafemalefacelower11_03.blp,Character\Pandaren\Female\PandaFemaleFaceUpper11_03.blp,,17,11,3
26756,21,1,1,Character\Pandaren\Female\pandafemalefacelower11_00.blp,Character\Pandaren\Female\PandaFemaleFaceUpper11_00.blp,,17,11,4
26757,21,1,1,Character\Pandaren\Female\pandafemalefacelower11_01.blp,Character\Pandaren\Female\PandaFemaleFaceUpper11_01.blp,,17,11,5
26758,21,1,1,Character\Pandaren\Female\pandafemalefacelower11_02.blp,Character\Pandaren\Female\PandaFemaleFaceUpper11_02.blp,,17,11,6
26759,21,1,1,Character\Pandaren\Female\pandafemalefacelower11_03.blp,Character\Pandaren\Female\PandaFemaleFaceUpper11_03.blp,,17,11,7
26760,21,1,1,Character\Pandaren\Female\pandafemalefacelower11_00.blp,Character\Pandaren\Female\PandaFemaleFaceUpper11_00.blp,,17,11,8
26761,21,1,1,Character\Pandaren\Female\pandafemalefacelower11_01.blp,Character\Pandaren\Female\PandaFemaleFaceUpper11_01.blp,,17,11,9
26762,21,1,1,Character\Pandaren\Female\pandafemalefacelower11_02.blp,Character\Pandaren\Female\PandaFemaleFaceUpper11_02.blp,,17,11,10
26763,21,1,1,Character\Pandaren\Female\pandafemalefacelower11_03.blp,Character\Pandaren\Female\PandaFemaleFaceUpper11_03.blp,,17,11,11
26764,21,1,1,Character\Pandaren\Female\pandafemalefacelower11_01.blp,Character\Pandaren\Female\PandaFemaleFaceUpper11_01.blp,,17,11,12
26765,21,1,1,Character\Pandaren\Female\pandafemalefacelower11_01.blp,Character\Pandaren\Female\PandaFemaleFaceUpper11_01.blp,,17,11,13
26766,21,1,1,Character\Pandaren\Female\pandafemalefacelower12_00.blp,Character\Pandaren\Female\PandaFemaleFaceUpper12_00.blp,,17,12,0
26767,21,1,1,Character\Pandaren\Female\pandafemalefacelower12_01.blp,Character\Pandaren\Female\PandaFemaleFaceUpper12_01.blp,,17,12,1
26768,21,1,1,Character\Pandaren\Female\pandafemalefacelower12_02.blp,Character\Pandaren\Female\PandaFemaleFaceUpper12_02.blp,,17,12,2
26769,21,1,1,Character\Pandaren\Female\pandafemalefacelower12_03.blp,Character\Pandaren\Female\PandaFemaleFaceUpper12_03.blp,,17,12,3
26770,21,1,1,Character\Pandaren\Female\pandafemalefacelower12_00.blp,Character\Pandaren\Female\PandaFemaleFaceUpper12_00.blp,,17,12,4
26771,21,1,1,Character\Pandaren\Female\pandafemalefacelower12_01.blp,Character\Pandaren\Female\PandaFemaleFaceUpper12_01.blp,,17,12,5
26772,21,1,1,Character\Pandaren\Female\pandafemalefacelower12_02.blp,Character\Pandaren\Female\PandaFemaleFaceUpper12_02.blp,,17,12,6
26773,21,1,1,Character\Pandaren\Female\pandafemalefacelower12_03.blp,Character\Pandaren\Female\PandaFemaleFaceUpper12_03.blp,,17,12,7
26774,21,1,1,Character\Pandaren\Female\pandafemalefacelower12_00.blp,Character\Pandaren\Female\PandaFemaleFaceUpper12_00.blp,,17,12,8
26775,21,1,1,Character\Pandaren\Female\pandafemalefacelower12_01.blp,Character\Pandaren\Female\PandaFemaleFaceUpper12_01.blp,,17,12,9
26776,21,1,1,Character\Pandaren\Female\pandafemalefacelower12_02.blp,Character\Pandaren\Female\PandaFemaleFaceUpper12_02.blp,,17,12,10
26777,21,1,1,Character\Pandaren\Female\pandafemalefacelower12_03.blp,Character\Pandaren\Female\PandaFemaleFaceUpper12_03.blp,,17,12,11
26778,21,1,1,Character\Pandaren\Female\pandafemalefacelower12_01.blp,Character\Pandaren\Female\PandaFemaleFaceUpper12_01.blp,,17,12,12
26779,21,1,1,Character\Pandaren\Female\pandafemalefacelower12_01.blp,Character\Pandaren\Female\PandaFemaleFaceUpper12_01.blp,,17,12,13
26780,21,1,1,Character\Pandaren\Female\pandafemalefacelower13_00.blp,Character\Pandaren\Female\PandaFemaleFaceUpper13_00.blp,,17,13,0
26781,21,1,1,Character\Pandaren\Female\pandafemalefacelower13_01.blp,Character\Pandaren\Female\PandaFemaleFaceUpper13_01.blp,,17,13,1
26782,21,1,1,Character\Pandaren\Female\pandafemalefacelower13_02.blp,Character\Pandaren\Female\PandaFemaleFaceUpper13_02.blp,,17,13,2
26783,21,1,1,Character\Pandaren\Female\pandafemalefacelower13_03.blp,Character\Pandaren\Female\PandaFemaleFaceUpper13_03.blp,,17,13,3
26784,21,1,1,Character\Pandaren\Female\pandafemalefacelower13_00.blp,Character\Pandaren\Female\PandaFemaleFaceUpper13_00.blp,,17,13,4
26785,21,1,1,Character\Pandaren\Female\pandafemalefacelower13_01.blp,Character\Pandaren\Female\PandaFemaleFaceUpper13_01.blp,,17,13,5
26786,21,1,1,Character\Pandaren\Female\pandafemalefacelower13_02.blp,Character\Pandaren\Female\PandaFemaleFaceUpper13_02.blp,,17,13,6
26787,21,1,1,Character\Pandaren\Female\pandafemalefacelower13_03.blp,Character\Pandaren\Female\PandaFemaleFaceUpper13_03.blp,,17,13,7
26788,21,1,1,Character\Pandaren\Female\pandafemalefacelower13_00.blp,Character\Pandaren\Female\PandaFemaleFaceUpper13_00.blp,,17,13,8
26789,21,1,1,Character\Pandaren\Female\pandafemalefacelower13_01.blp,Character\Pandaren\Female\PandaFemaleFaceUpper13_01.blp,,17,13,9
26790,21,1,1,Character\Pandaren\Female\pandafemalefacelower13_02.blp,Character\Pandaren\Female\PandaFemaleFaceUpper13_02.blp,,17,13,10
26791,21,1,1,Character\Pandaren\Female\pandafemalefacelower13_03.blp,Character\Pandaren\Female\PandaFemaleFaceUpper13_03.blp,,17,13,11
26792,21,1,1,Character\Pandaren\Female\pandafemalefacelower13_01.blp,Character\Pandaren\Female\PandaFemaleFaceUpper13_01.blp,,17,13,12
26793,21,1,1,Character\Pandaren\Female\pandafemalefacelower13_01.blp,Character\Pandaren\Female\PandaFemaleFaceUpper13_01.blp,,17,13,13
26794,21,1,1,Character\Pandaren\Female\pandafemalefacelower14_00.blp,Character\Pandaren\Female\PandaFemaleFaceUpper14_00.blp,,17,14,0
26795,21,1,1,Character\Pandaren\Female\pandafemalefacelower14_01.blp,Character\Pandaren\Female\PandaFemaleFaceUpper14_01.blp,,17,14,1
26796,21,1,1,Character\Pandaren\Female\pandafemalefacelower14_02.blp,Character\Pandaren\Female\PandaFemaleFaceUpper14_02.blp,,17,14,2
26797,21,1,1,Character\Pandaren\Female\pandafemalefacelower14_03.blp,Character\Pandaren\Female\PandaFemaleFaceUpper14_03.blp,,17,14,3
26798,21,1,1,Character\Pandaren\Female\pandafemalefacelower14_00.blp,Character\Pandaren\Female\PandaFemaleFaceUpper14_00.blp,,17,14,4
26799,21,1,1,Character\Pandaren\Female\pandafemalefacelower14_01.blp,Character\Pandaren\Female\PandaFemaleFaceUpper14_01.blp,,17,14,5
26800,21,1,1,Character\Pandaren\Female\pandafemalefacelower14_02.blp,Character\Pandaren\Female\PandaFemaleFaceUpper14_02.blp,,17,14,6
26801,21,1,1,Character\Pandaren\Female\pandafemalefacelower14_03.blp,Character\Pandaren\Female\PandaFemaleFaceUpper14_03.blp,,17,14,7
26802,21,1,1,Character\Pandaren\Female\pandafemalefacelower14_00.blp,Character\Pandaren\Female\PandaFemaleFaceUpper14_00.blp,,17,14,8
26803,21,1,1,Character\Pandaren\Female\pandafemalefacelower14_01.blp,Character\Pandaren\Female\PandaFemaleFaceUpper14_01.blp,,17,14,9
26804,21,1,1,Character\Pandaren\Female\pandafemalefacelower14_02.blp,Character\Pandaren\Female\PandaFemaleFaceUpper14_02.blp,,17,14,10
26805,21,1,1,Character\Pandaren\Female\pandafemalefacelower14_03.blp,Character\Pandaren\Female\PandaFemaleFaceUpper14_03.blp,,17,14,11
26806,21,1,1,Character\Pandaren\Female\pandafemalefacelower14_01.blp,Character\Pandaren\Female\PandaFemaleFaceUpper14_01.blp,,17,14,12
26807,21,1,1,Character\Pandaren\Female\pandafemalefacelower14_01.blp,Character\Pandaren\Female\PandaFemaleFaceUpper14_01.blp,,17,14,13
26808,21,1,1,Character\Pandaren\Female\pandafemalefacelower15_00.blp,Character\Pandaren\Female\PandaFemaleFaceUpper15_00.blp,,17,15,0
26809,21,1,1,Character\Pandaren\Female\pandafemalefacelower15_01.blp,Character\Pandaren\Female\PandaFemaleFaceUpper15_01.blp,,17,15,1
26810,21,1,1,Character\Pandaren\Female\pandafemalefacelower15_02.blp,Character\Pandaren\Female\PandaFemaleFaceUpper15_02.blp,,17,15,2
26811,21,1,1,Character\Pandaren\Female\pandafemalefacelower15_03.blp,Character\Pandaren\Female\PandaFemaleFaceUpper15_03.blp,,17,15,3
26812,21,1,1,Character\Pandaren\Female\pandafemalefacelower15_00.blp,Character\Pandaren\Female\PandaFemaleFaceUpper15_00.blp,,17,15,4
26813,21,1,1,Character\Pandaren\Female\pandafemalefacelower15_01.blp,Character\Pandaren\Female\PandaFemaleFaceUpper15_01.blp,,17,15,5
26814,21,1,1,Character\Pandaren\Female\pandafemalefacelower15_02.blp,Character\Pandaren\Female\PandaFemaleFaceUpper15_02.blp,,17,15,6
26815,21,1,1,Character\Pandaren\Female\pandafemalefacelower15_03.blp,Character\Pandaren\Female\PandaFemaleFaceUpper15_03.blp,,17,15,7
26816,21,1,1,Character\Pandaren\Female\pandafemalefacelower15_00.blp,Character\Pandaren\Female\PandaFemaleFaceUpper15_00.blp,,17,15,8
26817,21,1,1,Character\Pandaren\Female\pandafemalefacelower15_01.blp,Character\Pandaren\Female\PandaFemaleFaceUpper15_01.blp,,17,15,9
26818,21,1,1,Character\Pandaren\Female\pandafemalefacelower15_02.blp,Character\Pandaren\Female\PandaFemaleFaceUpper15_02.blp,,17,15,10
26819,21,1,1,Character\Pandaren\Female\pandafemalefacelower15_03.blp,Character\Pandaren\Female\PandaFemaleFaceUpper15_03.blp,,17,15,11
26820,21,1,1,Character\Pandaren\Female\pandafemalefacelower15_01.blp,Character\Pandaren\Female\PandaFemaleFaceUpper15_01.blp,,17,15,12
26821,21,1,1,Character\Pandaren\Female\pandafemalefacelower15_01.blp,Character\Pandaren\Female\PandaFemaleFaceUpper15_01.blp,,17,15,13
26822,21,1,1,Character\Pandaren\Female\pandafemalefacelower16_00.blp,Character\Pandaren\Female\PandaFemaleFaceUpper16_00.blp,,17,16,0
26823,21,1,1,Character\Pandaren\Female\pandafemalefacelower16_01.blp,Character\Pandaren\Female\PandaFemaleFaceUpper16_01.blp,,17,16,1
26824,21,1,1,Character\Pandaren\Female\pandafemalefacelower16_02.blp,Character\Pandaren\Female\PandaFemaleFaceUpper16_02.blp,,17,16,2
26825,21,1,1,Character\Pandaren\Female\pandafemalefacelower16_03.blp,Character\Pandaren\Female\PandaFemaleFaceUpper16_03.blp,,17,16,3
26826,21,1,1,Character\Pandaren\Female\pandafemalefacelower16_00.blp,Character\Pandaren\Female\PandaFemaleFaceUpper16_00.blp,,17,16,4
26827,21,1,1,Character\Pandaren\Female\pandafemalefacelower16_01.blp,Character\Pandaren\Female\PandaFemaleFaceUpper16_01.blp,,17,16,5
26828,21,1,1,Character\Pandaren\Female\pandafemalefacelower16_02.blp,Character\Pandaren\Female\PandaFemaleFaceUpper16_02.blp,,17,16,6
26829,21,1,1,Character\Pandaren\Female\pandafemalefacelower16_03.blp,Character\Pandaren\Female\PandaFemaleFaceUpper16_03.blp,,17,16,7
26830,21,1,1,Character\Pandaren\Female\pandafemalefacelower16_00.blp,Character\Pandaren\Female\PandaFemaleFaceUpper16_00.blp,,17,16,8
26831,21,1,1,Character\Pandaren\Female\pandafemalefacelower16_01.blp,Character\Pandaren\Female\PandaFemaleFaceUpper16_01.blp,,17,16,9
26832,21,1,1,Character\Pandaren\Female\pandafemalefacelower16_02.blp,Character\Pandaren\Female\PandaFemaleFaceUpper16_02.blp,,17,16,10
26833,21,1,1,Character\Pandaren\Female\pandafemalefacelower16_03.blp,Character\Pandaren\Female\PandaFemaleFaceUpper16_03.blp,,17,16,11
26834,21,1,1,Character\Pandaren\Female\pandafemalefacelower16_01.blp,Character\Pandaren\Female\PandaFemaleFaceUpper16_01.blp,,17,16,12
26835,21,1,1,Character\Pandaren\Female\pandafemalefacelower16_01.blp,Character\Pandaren\Female\PandaFemaleFaceUpper16_01.blp,,17,16,13
26836,21,1,1,Character\Pandaren\Female\pandafemalefacelower17_00.blp,Character\Pandaren\Female\PandaFemaleFaceUpper17_00.blp,,17,17,0
26837,21,1,1,Character\Pandaren\Female\pandafemalefacelower17_01.blp,Character\Pandaren\Female\PandaFemaleFaceUpper17_01.blp,,17,17,1
26838,21,1,1,Character\Pandaren\Female\pandafemalefacelower17_02.blp,Character\Pandaren\Female\PandaFemaleFaceUpper17_02.blp,,17,17,2
26839,21,1,1,Character\Pandaren\Female\pandafemalefacelower17_03.blp,Character\Pandaren\Female\PandaFemaleFaceUpper17_03.blp,,17,17,3
26840,21,1,1,Character\Pandaren\Female\pandafemalefacelower17_00.blp,Character\Pandaren\Female\PandaFemaleFaceUpper17_00.blp,,17,17,4
26841,21,1,1,Character\Pandaren\Female\pandafemalefacelower17_01.blp,Character\Pandaren\Female\PandaFemaleFaceUpper17_01.blp,,17,17,5
26842,21,1,1,Character\Pandaren\Female\pandafemalefacelower17_02.blp,Character\Pandaren\Female\PandaFemaleFaceUpper17_02.blp,,17,17,6
26843,21,1,1,Character\Pandaren\Female\pandafemalefacelower17_03.blp,Character\Pandaren\Female\PandaFemaleFaceUpper17_03.blp,,17,17,7
26844,21,1,1,Character\Pandaren\Female\pandafemalefacelower17_00.blp,Character\Pandaren\Female\PandaFemaleFaceUpper17_00.blp,,17,17,8
26845,21,1,1,Character\Pandaren\Female\pandafemalefacelower17_01.blp,Character\Pandaren\Female\PandaFemaleFaceUpper17_01.blp,,17,17,9
26846,21,1,1,Character\Pandaren\Female\pandafemalefacelower17_02.blp,Character\Pandaren\Female\PandaFemaleFaceUpper17_02.blp,,17,17,10
26847,21,1,1,Character\Pandaren\Female\pandafemalefacelower17_03.blp,Character\Pandaren\Female\PandaFemaleFaceUpper17_03.blp,,17,17,11
26848,21,1,1,Character\Pandaren\Female\pandafemalefacelower17_01.blp,Character\Pandaren\Female\PandaFemaleFaceUpper17_01.blp,,17,17,12
26849,21,1,1,Character\Pandaren\Female\pandafemalefacelower17_01.blp,Character\Pandaren\Female\PandaFemaleFaceUpper17_01.blp,,17,17,13
26850,21,1,1,Character\Pandaren\Female\pandafemalefacelower18_00.blp,Character\Pandaren\Female\PandaFemaleFaceUpper18_00.blp,,17,18,0
26851,21,1,1,Character\Pandaren\Female\pandafemalefacelower18_01.blp,Character\Pandaren\Female\PandaFemaleFaceUpper18_01.blp,,17,18,1
26852,21,1,1,Character\Pandaren\Female\pandafemalefacelower18_02.blp,Character\Pandaren\Female\PandaFemaleFaceUpper18_02.blp,,17,18,2
26853,21,1,1,Character\Pandaren\Female\pandafemalefacelower18_03.blp,Character\Pandaren\Female\PandaFemaleFaceUpper18_03.blp,,17,18,3
26854,21,1,1,Character\Pandaren\Female\pandafemalefacelower18_00.blp,Character\Pandaren\Female\PandaFemaleFaceUpper18_00.blp,,17,18,4
26855,21,1,1,Character\Pandaren\Female\pandafemalefacelower18_01.blp,Character\Pandaren\Female\PandaFemaleFaceUpper18_01.blp,,17,18,5
26856,21,1,1,Character\Pandaren\Female\pandafemalefacelower18_02.blp,Character\Pandaren\Female\PandaFemaleFaceUpper18_02.blp,,17,18,6
26857,21,1,1,Character\Pandaren\Female\pandafemalefacelower18_03.blp,Character\Pandaren\Female\PandaFemaleFaceUpper18_03.blp,,17,18,7
26858,21,1,1,Character\Pandaren\Female\pandafemalefacelower18_00.blp,Character\Pandaren\Female\PandaFemaleFaceUpper18_00.blp,,17,18,8
26859,21,1,1,Character\Pandaren\Female\pandafemalefacelower18_01.blp,Character\Pandaren\Female\PandaFemaleFaceUpper18_01.blp,,17,18,9
26860,21,1,1,Character\Pandaren\Female\pandafemalefacelower18_02.blp,Character\Pandaren\Female\PandaFemaleFaceUpper18_02.blp,,17,18,10
26861,21,1,1,Character\Pandaren\Female\pandafemalefacelower18_03.blp,Character\Pandaren\Female\PandaFemaleFaceUpper18_03.blp,,17,18,11
26862,21,1,1,Character\Pandaren\Female\pandafemalefacelower18_01.blp,Character\Pandaren\Female\PandaFemaleFaceUpper18_01.blp,,17,18,12
26863,21,1,1,Character\Pandaren\Female\pandafemalefacelower18_01.blp,Character\Pandaren\Female\PandaFemaleFaceUpper18_01.blp,,17,18,13
26864,21,1,1,Character\Pandaren\Female\pandafemalefacelower19_00.blp,Character\Pandaren\Female\PandaFemaleFaceUpper19_00.blp,,17,19,0
26865,21,1,1,Character\Pandaren\Female\pandafemalefacelower19_01.blp,Character\Pandaren\Female\PandaFemaleFaceUpper19_01.blp,,17,19,1
26866,21,1,1,Character\Pandaren\Female\pandafemalefacelower19_02.blp,Character\Pandaren\Female\PandaFemaleFaceUpper19_02.blp,,17,19,2
26867,21,1,1,Character\Pandaren\Female\pandafemalefacelower19_03.blp,Character\Pandaren\Female\PandaFemaleFaceUpper19_03.blp,,17,19,3
26868,21,1,1,Character\Pandaren\Female\pandafemalefacelower19_00.blp,Character\Pandaren\Female\PandaFemaleFaceUpper19_00.blp,,17,19,4
26869,21,1,1,Character\Pandaren\Female\pandafemalefacelower19_01.blp,Character\Pandaren\Female\PandaFemaleFaceUpper19_01.blp,,17,19,5
26870,21,1,1,Character\Pandaren\Female\pandafemalefacelower19_02.blp,Character\Pandaren\Female\PandaFemaleFaceUpper19_02.blp,,17,19,6
26871,21,1,1,Character\Pandaren\Female\pandafemalefacelower19_03.blp,Character\Pandaren\Female\PandaFemaleFaceUpper19_03.blp,,17,19,7
26872,21,1,1,Character\Pandaren\Female\pandafemalefacelower19_00.blp,Character\Pandaren\Female\PandaFemaleFaceUpper19_00.blp,,17,19,8
26873,21,1,1,Character\Pandaren\Female\pandafemalefacelower19_01.blp,Character\Pandaren\Female\PandaFemaleFaceUpper19_01.blp,,17,19,9
26874,21,1,1,Character\Pandaren\Female\pandafemalefacelower19_02.blp,Character\Pandaren\Female\PandaFemaleFaceUpper19_02.blp,,17,19,10
26875,21,1,1,Character\Pandaren\Female\pandafemalefacelower19_03.blp,Character\Pandaren\Female\PandaFemaleFaceUpper19_03.blp,,17,19,11
26876,21,1,1,Character\Pandaren\Female\pandafemalefacelower19_01.blp,Character\Pandaren\Female\PandaFemaleFaceUpper19_01.blp,,17,19,12
26877,21,1,1,Character\Pandaren\Female\pandafemalefacelower19_01.blp,Character\Pandaren\Female\PandaFemaleFaceUpper19_01.blp,,17,19,13
26878,21,1,3,Character\Pandaren\PandaFemaleHair_00.blp,,,17,0,0
26879,21,1,3,Character\Pandaren\PandaFemaleHair_01.blp,,,17,0,1
26880,21,1,3,Character\Pandaren\PandaFemaleHair_02.blp,,,17,0,2
26881,21,1,3,Character\Pandaren\PandaFemaleHair_03.blp,,,17,0,3
26882,21,1,3,Character\Pandaren\PandaFemaleHair_04.blp,,,17,0,4
26883,21,1,3,Character\Pandaren\PandaFemaleHair_05.blp,,,17,0,5
26884,21,1,3,Character\Pandaren\PandaFemaleHair_06.blp,,,17,0,6
26885,21,1,3,Character\Pandaren\PandaFemaleHair_07.blp,,,17,0,7
26886,21,1,3,Character\Pandaren\Female\PandaFemaleSkinExtra00_00.blp,,,17,0,8
26887,21,1,3,Character\Pandaren\Female\PandaFemaleSkinExtra00_01.blp,,,17,0,9
26888,21,1,3,Character\Pandaren\Female\PandaFemaleSkinExtra00_02.blp,,,17,0,10
26889,21,1,3,Character\Pandaren\Female\PandaFemaleSkinExtra00_03.blp,,,17,0,11
26890,21,1,3,Character\Pandaren\PandaFemaleHair_00.blp,,,1,1,0
26891,21,1,3,Character\Pandaren\PandaFemaleHair_01.blp,,,17,1,1
26892,21,1,3,Character\Pandaren\PandaFemaleHair_02.blp,,,17,1,2
26893,21,1,3,Character\Pandaren\PandaFemaleHair_03.blp,,,17,1,3
26894,21,1,3,Character\Pandaren\PandaFemaleHair_04.blp,,,17,1,4
26895,21,1,3,Character\Pandaren\PandaFemaleHair_05.blp,,,17,1,5
26896,21,1,3,Character\Pandaren\PandaFemaleHair_06.blp,,,17,1,6
26897,21,1,3,Character\Pandaren\PandaFemaleHair_07.blp,,,17,1,7
26898,21,1,3,Character\Pandaren\Female\PandaFemaleSkinExtra00_00.blp,,,17,1,8
26899,21,1,3,Character\Pandaren\Female\PandaFemaleSkinExtra00_01.blp,,,17,1,9
26900,21,1,3,Character\Pandaren\Female\PandaFemaleSkinExtra00_02.blp,,,17,1,10
26901,21,1,3,Character\Pandaren\Female\PandaFemaleSkinExtra00_03.blp,,,17,1,11
26902,21,1,3,Character\Pandaren\PandaFemaleHair_00.blp,,,17,2,0
26903,21,1,3,Character\Pandaren\PandaFemaleHair_01.blp,,,17,2,1
26904,21,1,3,Character\Pandaren\PandaFemaleHair_02.blp,,,17,2,2
26905,21,1,3,Character\Pandaren\PandaFemaleHair_03.blp,,,17,2,3
26906,21,1,3,Character\Pandaren\PandaFemaleHair_04.blp,,,17,2,4
26907,21,1,3,Character\Pandaren\PandaFemaleHair_05.blp,,,17,2,5
26908,21,1,3,Character\Pandaren\PandaFemaleHair_06.blp,,,17,2,6
26909,21,1,3,Character\Pandaren\PandaFemaleHair_07.blp,,,17,2,7
26910,21,1,3,Character\Pandaren\Female\PandaFemaleSkinExtra00_00.blp,,,17,2,8
26911,21,1,3,Character\Pandaren\Female\PandaFemaleSkinExtra00_01.blp,,,17,2,9
26912,21,1,3,Character\Pandaren\Female\PandaFemaleSkinExtra00_02.blp,,,17,2,10
26913,21,1,3,Character\Pandaren\Female\PandaFemaleSkinExtra00_03.blp,,,17,2,11
26914,21,1,3,Character\Pandaren\PandaFemaleHair_00.blp,,,1,3,0
26915,21,1,3,Character\Pandaren\PandaFemaleHair_01.blp,,,17,3,1
26916,21,1,3,Character\Pandaren\PandaFemaleHair_02.blp,,,17,3,2
26917,21,1,3,Character\Pandaren\PandaFemaleHair_03.blp,,,17,3,3
26918,21,1,3,Character\Pandaren\PandaFemaleHair_04.blp,,,17,3,4
26919,21,1,3,Character\Pandaren\PandaFemaleHair_05.blp,,,17,3,5
26920,21,1,3,Character\Pandaren\PandaFemaleHair_06.blp,,,17,3,6
26921,21,1,3,Character\Pandaren\PandaFemaleHair_07.blp,,,17,3,7
26922,21,1,3,Character\Pandaren\Female\PandaFemaleSkinExtra00_00.blp,,,17,3,8
26923,21,1,3,Character\Pandaren\Female\PandaFemaleSkinExtra00_01.blp,,,17,3,9
26924,21,1,3,Character\Pandaren\Female\PandaFemaleSkinExtra00_02.blp,,,17,3,10
26925,21,1,3,Character\Pandaren\Female\PandaFemaleSkinExtra00_03.blp,,,17,3,11
26938,21,1,3,Character\Pandaren\PandaFemaleHair_00.blp,,,1,4,0
26939,21,1,3,Character\Pandaren\PandaFemaleHair_01.blp,,,17,4,1
26940,21,1,3,Character\Pandaren\PandaFemaleHair_02.blp,,,17,4,2
26941,21,1,3,Character\Pandaren\PandaFemaleHair_03.blp,,,17,4,3
26942,21,1,3,Character\Pandaren\PandaFemaleHair_04.blp,,,17,4,4
26943,21,1,3,Character\Pandaren\PandaFemaleHair_05.blp,,,17,4,5
26944,21,1,3,Character\Pandaren\PandaFemaleHair_06.blp,,,17,4,6
26945,21,1,3,Character\Pandaren\PandaFemaleHair_07.blp,,,17,4,7
26946,21,1,3,Character\Pandaren\Female\PandaFemaleSkinExtra00_00.blp,,,17,4,8
26947,21,1,3,Character\Pandaren\Female\PandaFemaleSkinExtra00_01.blp,,,17,4,9
26948,21,1,3,Character\Pandaren\Female\PandaFemaleSkinExtra00_02.blp,,,17,4,10
26949,21,1,3,Character\Pandaren\Female\PandaFemaleSkinExtra00_03.blp,,,17,4,11
26950,21,1,3,Character\Pandaren\PandaFemaleHair_00.blp,,,1,5,0
26951,21,1,3,Character\Pandaren\PandaFemaleHair_01.blp,,,17,5,1
26952,21,1,3,Character\Pandaren\PandaFemaleHair_02.blp,,,17,5,2
26953,21,1,3,Character\Pandaren\PandaFemaleHair_03.blp,,,17,5,3
26954,21,1,3,Character\Pandaren\PandaFemaleHair_04.blp,,,17,5,4
26955,21,1,3,Character\Pandaren\PandaFemaleHair_05.blp,,,17,5,5
26956,21,1,3,Character\Pandaren\PandaFemaleHair_06.blp,,,17,5,6
26957,21,1,3,Character\Pandaren\PandaFemaleHair_07.blp,,,17,5,7
26958,21,1,3,Character\Pandaren\Female\PandaFemaleSkinExtra00_00.blp,,,17,5,8
26959,21,1,3,Character\Pandaren\Female\PandaFemaleSkinExtra00_01.blp,,,17,5,9
26960,21,1,3,Character\Pandaren\Female\PandaFemaleSkinExtra00_02.blp,,,17,5,10
26961,21,1,3,Character\Pandaren\Female\PandaFemaleSkinExtra00_03.blp,,,17,5,11
26998,21,1,3,Character\Pandaren\PandaFemaleHair_00.blp,,,1,6,0
26999,21,1,3,Character\Pandaren\PandaFemaleHair_01.blp,,,17,6,1
27000,21,1,3,Character\Pandaren\PandaFemaleHair_02.blp,,,17,6,2
27001,21,1,3,Character\Pandaren\PandaFemaleHair_03.blp,,,17,6,3
27002,21,1,3,Character\Pandaren\PandaFemaleHair_04.blp,,,17,6,4
27003,21,1,3,Character\Pandaren\PandaFemaleHair_05.blp,,,17,6,5
27004,21,1,3,Character\Pandaren\PandaFemaleHair_06.blp,,,17,6,6
27005,21,1,3,Character\Pandaren\PandaFemaleHair_07.blp,,,17,6,7
27006,21,1,3,Character\Pandaren\Female\PandaFemaleSkinExtra00_00.blp,,,17,6,8
27007,21,1,3,Character\Pandaren\Female\PandaFemaleSkinExtra00_01.blp,,,17,6,9
27008,21,1,3,Character\Pandaren\Female\PandaFemaleSkinExtra00_02.blp,,,17,6,10
27009,21,1,3,Character\Pandaren\Female\PandaFemaleSkinExtra00_03.blp,,,17,6,11
27022,21,1,3,Character\Pandaren\PandaFemaleHair_00.blp,,,1,7,0
27023,21,1,3,Character\Pandaren\PandaFemaleHair_01.blp,,,17,7,1
27024,21,1,3,Character\Pandaren\PandaFemaleHair_02.blp,,,17,7,2
27025,21,1,3,Character\Pandaren\PandaFemaleHair_03.blp,,,17,7,3
27026,21,1,3,Character\Pandaren\PandaFemaleHair_04.blp,,,17,7,4
27027,21,1,3,Character\Pandaren\PandaFemaleHair_05.blp,,,17,7,5
27028,21,1,3,Character\Pandaren\PandaFemaleHair_06.blp,,,17,7,6
27029,21,1,3,Character\Pandaren\PandaFemaleHair_07.blp,,,17,7,7
27030,21,1,3,Character\Pandaren\Female\PandaFemaleSkinExtra00_00.blp,,,17,7,8
27031,21,1,3,Character\Pandaren\Female\PandaFemaleSkinExtra00_01.blp,,,17,7,9
27032,21,1,3,Character\Pandaren\Female\PandaFemaleSkinExtra00_02.blp,,,17,7,10
27033,21,1,3,Character\Pandaren\Female\PandaFemaleSkinExtra00_03.blp,,,17,7,11
27046,21,1,3,Character\Pandaren\PandaFemaleHair_00.blp,,,1,8,0
27047,21,1,3,Character\Pandaren\PandaFemaleHair_01.blp,,,17,8,1
27048,21,1,3,Character\Pandaren\PandaFemaleHair_02.blp,,,17,8,2
27049,21,1,3,Character\Pandaren\PandaFemaleHair_03.blp,,,17,8,3
27050,21,1,3,Character\Pandaren\PandaFemaleHair_04.blp,,,17,8,4
27051,21,1,3,Character\Pandaren\PandaFemaleHair_05.blp,,,17,8,5
27052,21,1,3,Character\Pandaren\PandaFemaleHair_06.blp,,,17,8,6
27053,21,1,3,Character\Pandaren\PandaFemaleHair_07.blp,,,17,8,7
27054,21,1,3,Character\Pandaren\Female\PandaFemaleSkinExtra00_00.blp,,,17,8,8
27055,21,1,3,Character\Pandaren\Female\PandaFemaleSkinExtra00_01.blp,,,17,8,9
27056,21,1,3,Character\Pandaren\Female\PandaFemaleSkinExtra00_02.blp,,,17,8,10
27057,21,1,3,Character\Pandaren\Female\PandaFemaleSkinExtra00_03.blp,,,17,8,11
27070,21,1,3,Character\Pandaren\PandaFemaleHair_00.blp,,,1,9,0
27071,21,1,3,Character\Pandaren\PandaFemaleHair_01.blp,,,17,9,1
27072,21,1,3,Character\Pandaren\PandaFemaleHair_02.blp,,,17,9,2
27073,21,1,3,Character\Pandaren\PandaFemaleHair_03.blp,,,17,9,3
27074,21,1,3,Character\Pandaren\PandaFemaleHair_04.blp,,,17,9,4
27075,21,1,3,Character\Pandaren\PandaFemaleHair_05.blp,,,17,9,5
27076,21,1,3,Character\Pandaren\PandaFemaleHair_06.blp,,,17,9,6
27077,21,1,3,Character\Pandaren\PandaFemaleHair_07.blp,,,17,9,7
27078,21,1,3,Character\Pandaren\Female\PandaFemaleSkinExtra00_00.blp,,,17,9,8
27079,21,1,3,Character\Pandaren\Female\PandaFemaleSkinExtra00_01.blp,,,17,9,9
27080,21,1,3,Character\Pandaren\Female\PandaFemaleSkinExtra00_02.blp,,,17,9,10
27081,21,1,3,Character\Pandaren\Female\PandaFemaleSkinExtra00_03.blp,,,17,9,11
27082,21,1,4,Character\Pandaren\Female\PandaFemaleNakedPelvisSkin00_00.blp,Character\Pandaren\Female\PandaFemaleNakedTorsoSkin00_00.blp,,17,0,0
27083,21,1,4,Character\Pandaren\Female\PandaFemaleNakedPelvisSkin00_01.blp,Character\Pandaren\Female\PandaFemaleNakedTorsoSkin00_01.blp,,17,0,1
27084,21,1,4,Character\Pandaren\Female\PandaFemaleNakedPelvisSkin00_02.blp,Character\Pandaren\Female\PandaFemaleNakedTorsoSkin00_02.blp,,17,0,2
27085,21,1,4,Character\Pandaren\Female\PandaFemaleNakedPelvisSkin00_03.blp,Character\Pandaren\Female\PandaFemaleNakedTorsoSkin00_03.blp,,17,0,3
27086,21,1,4,Character\Pandaren\Female\PandaFemaleNakedPelvisSkin00_04.blp,Character\Pandaren\Female\PandaFemaleNakedTorsoSkin00_04.blp,,17,0,4
27087,21,1,4,Character\Pandaren\Female\PandaFemaleNakedPelvisSkin00_05.blp,Character\Pandaren\Female\PandaFemaleNakedTorsoSkin00_05.blp,,17,0,5
27088,21,1,4,Character\Pandaren\Female\PandaFemaleNakedPelvisSkin00_06.blp,Character\Pandaren\Female\PandaFemaleNakedTorsoSkin00_06.blp,,17,0,6
27089,21,1,4,Character\Pandaren\Female\PandaFemaleNakedPelvisSkin00_07.blp,Character\Pandaren\Female\PandaFemaleNakedTorsoSkin00_07.blp,,17,0,7
27090,21,1,4,Character\Pandaren\Female\PandaFemaleNakedPelvisSkin00_08.blp,Character\Pandaren\Female\PandaFemaleNakedTorsoSkin00_08.blp,,17,0,8
27091,21,1,4,Character\Pandaren\Female\PandaFemaleNakedPelvisSkin00_09.blp,Character\Pandaren\Female\PandaFemaleNakedTorsoSkin00_09.blp,,17,0,9
27092,21,1,4,Character\Pandaren\Female\PandaFemaleNakedPelvisSkin00_10.blp,Character\Pandaren\Female\PandaFemaleNakedTorsoSkin00_10.blp,,17,0,10
27093,21,1,4,Character\Pandaren\Female\PandaFemaleNakedPelvisSkin00_11.blp,Character\Pandaren\Female\PandaFemaleNakedTorsoSkin00_11.blp,,17,0,11
27094,21,1,4,Character\Pandaren\Female\PandaFemaleNakedPelvisSkin00_12.blp,Character\Pandaren\Female\PandaFemaleNakedTorsoSkin00_12.blp,,17,0,12
27095,21,1,4,Character\Pandaren\Female\PandaFemaleNakedPelvisSkin00_13.blp,Character\Pandaren\Female\PandaFemaleNakedTorsoSkin00_13.blp,,17,0,13
